<?xml version="1.0" encoding="UTF-8"?>

<root>
  <CUSTOM_CONSUMER>
    <X>22</X>
    <Y>7</Y>
    <currentCurrent>0.0</currentCurrent>
    <currentPowerLoss>0.0</currentPowerLoss>
    <currentPowerTransport>0.0</currentPowerTransport>
    <currentVoltage>1.0</currentVoltage>
    <maxPowerTransport>0.0</maxPowerTransport>
    <nominalVoltage>1.0</nominalVoltage>
    <powerConsumption>253.5232</powerConsumption>
    <powerDemand>253.5232</powerDemand>
    <powerLineCharge>0.0</powerLineCharge>
    <powerProduction>0.0</powerProduction>
    <powerProductionOptimal>0.0</powerProductionOptimal>
    <resistance>0.0</resistance>
    <transportPowerDecrement>0.0</transportPowerDecrement>
    <voltageAngle>0.0</voltageAngle>
    <model name="DeviceLevelHouseholdModel">
      <annualEnergyConsumption>3299.8787</annualEnergyConsumption>
      <maximumConsumedPower>3770.0</maximumConsumedPower>
      <powerDemand>253.52316284179688</powerDemand>
    </model>
  </CUSTOM_CONSUMER>
  <CUSTOM_CONSUMER>
    <X>22</X>
    <Y>8</Y>
    <currentCurrent>0.0</currentCurrent>
    <currentPowerLoss>0.0</currentPowerLoss>
    <currentPowerTransport>0.0</currentPowerTransport>
    <currentVoltage>1.0</currentVoltage>
    <maxPowerTransport>0.0</maxPowerTransport>
    <nominalVoltage>1.0</nominalVoltage>
    <powerConsumption>458.6952</powerConsumption>
    <powerDemand>458.6952</powerDemand>
    <powerLineCharge>0.0</powerLineCharge>
    <powerProduction>0.0</powerProduction>
    <powerProductionOptimal>0.0</powerProductionOptimal>
    <resistance>0.0</resistance>
    <transportPowerDecrement>0.0</transportPowerDecrement>
    <voltageAngle>0.0</voltageAngle>
    <model name="DeviceLevelHouseholdModel">
      <annualEnergyConsumption>6169.0942</annualEnergyConsumption>
      <maximumConsumedPower>5816.0</maximumConsumedPower>
      <powerDemand>458.6952209472656</powerDemand>
    </model>
  </CUSTOM_CONSUMER>
  <CUSTOM_CONSUMER>
    <X>21</X>
    <Y>8</Y>
    <currentCurrent>0.0</currentCurrent>
    <currentPowerLoss>0.0</currentPowerLoss>
    <currentPowerTransport>0.0</currentPowerTransport>
    <currentVoltage>1.0</currentVoltage>
    <maxPowerTransport>0.0</maxPowerTransport>
    <nominalVoltage>1.0</nominalVoltage>
    <powerConsumption>603.434</powerConsumption>
    <powerDemand>603.434</powerDemand>
    <powerLineCharge>0.0</powerLineCharge>
    <powerProduction>0.0</powerProduction>
    <powerProductionOptimal>0.0</powerProductionOptimal>
    <resistance>0.0</resistance>
    <transportPowerDecrement>0.0</transportPowerDecrement>
    <voltageAngle>0.0</voltageAngle>
    <model name="DeviceLevelHouseholdModel">
      <annualEnergyConsumption>3198.5718</annualEnergyConsumption>
      <maximumConsumedPower>5710.0</maximumConsumedPower>
      <powerDemand>603.4340209960938</powerDemand>
    </model>
  </CUSTOM_CONSUMER>
  <CUSTOM_POWER_PLANT>
    <X>21</X>
    <Y>7</Y>
    <currentCurrent>0.0</currentCurrent>
    <currentPowerLoss>0.0</currentPowerLoss>
    <currentPowerTransport>0.0</currentPowerTransport>
    <currentVoltage>1.0</currentVoltage>
    <maxPowerTransport>0.0</maxPowerTransport>
    <nominalVoltage>1.0</nominalVoltage>
    <powerConsumption>0.0</powerConsumption>
    <powerDemand>0.0</powerDemand>
    <powerLineCharge>0.0</powerLineCharge>
    <powerProduction>3000.0</powerProduction>
    <powerProductionOptimal>3000.0</powerProductionOptimal>
    <resistance>0.0</resistance>
    <transportPowerDecrement>0.0</transportPowerDecrement>
    <voltageAngle>0.0</voltageAngle>
    <model name="ConstantPowerPlantModel">
      <powerProduction>3000.0</powerProduction>
      <powerProductionOptimal>3000.0</powerProductionOptimal>
    </model>
  </CUSTOM_POWER_PLANT>
  <CUSTOM_CONSUMER>
    <X>17</X>
    <Y>9</Y>
    <currentCurrent>0.0</currentCurrent>
    <currentPowerLoss>0.0</currentPowerLoss>
    <currentPowerTransport>0.0</currentPowerTransport>
    <currentVoltage>1.0</currentVoltage>
    <maxPowerTransport>0.0</maxPowerTransport>
    <nominalVoltage>1.0</nominalVoltage>
    <powerConsumption>0.0</powerConsumption>
    <powerDemand>0.0</powerDemand>
    <powerLineCharge>0.0</powerLineCharge>
    <powerProduction>0.0</powerProduction>
    <powerProductionOptimal>0.0</powerProductionOptimal>
    <resistance>0.0</resistance>
    <transportPowerDecrement>0.0</transportPowerDecrement>
    <voltageAngle>0.0</voltageAngle>
    <model name="ConstantDemandModel">
      <powerDemand>2000.0</powerDemand>
    </model>
  </CUSTOM_CONSUMER>
  <CUSTOM_CONSUMER>
    <X>13</X>
    <Y>9</Y>
    <currentCurrent>0.0</currentCurrent>
    <currentPowerLoss>0.0</currentPowerLoss>
    <currentPowerTransport>0.0</currentPowerTransport>
    <currentVoltage>1.0</currentVoltage>
    <maxPowerTransport>0.0</maxPowerTransport>
    <nominalVoltage>1.0</nominalVoltage>
    <powerConsumption>0.0</powerConsumption>
    <powerDemand>0.0</powerDemand>
    <powerLineCharge>0.0</powerLineCharge>
    <powerProduction>0.0</powerProduction>
    <powerProductionOptimal>0.0</powerProductionOptimal>
    <resistance>0.0</resistance>
    <transportPowerDecrement>0.0</transportPowerDecrement>
    <voltageAngle>0.0</voltageAngle>
    <model name="ConstantDemandModel">
      <powerDemand>500.0</powerDemand>
    </model>
  </CUSTOM_CONSUMER>
  <CUSTOM_CONSUMER>
    <X>12</X>
    <Y>9</Y>
    <currentCurrent>0.0</currentCurrent>
    <currentPowerLoss>0.0</currentPowerLoss>
    <currentPowerTransport>0.0</currentPowerTransport>
    <currentVoltage>1.0</currentVoltage>
    <maxPowerTransport>0.0</maxPowerTransport>
    <nominalVoltage>1.0</nominalVoltage>
    <powerConsumption>0.0</powerConsumption>
    <powerDemand>0.0</powerDemand>
    <powerLineCharge>0.0</powerLineCharge>
    <powerProduction>0.0</powerProduction>
    <powerProductionOptimal>0.0</powerProductionOptimal>
    <resistance>0.0</resistance>
    <transportPowerDecrement>0.0</transportPowerDecrement>
    <voltageAngle>0.0</voltageAngle>
    <model name="ConstantDemandModel">
      <powerDemand>200.0</powerDemand>
    </model>
  </CUSTOM_CONSUMER>
  <CUSTOM_CONSUMER>
    <X>13</X>
    <Y>8</Y>
    <currentCurrent>0.0</currentCurrent>
    <currentPowerLoss>0.0</currentPowerLoss>
    <currentPowerTransport>0.0</currentPowerTransport>
    <currentVoltage>1.0</currentVoltage>
    <maxPowerTransport>0.0</maxPowerTransport>
    <nominalVoltage>1.0</nominalVoltage>
    <powerConsumption>0.0</powerConsumption>
    <powerDemand>0.0</powerDemand>
    <powerLineCharge>0.0</powerLineCharge>
    <powerProduction>0.0</powerProduction>
    <powerProductionOptimal>0.0</powerProductionOptimal>
    <resistance>0.0</resistance>
    <transportPowerDecrement>0.0</transportPowerDecrement>
    <voltageAngle>0.0</voltageAngle>
    <model name="ConstantDemandModel">
      <powerDemand>500.0</powerDemand>
    </model>
  </CUSTOM_CONSUMER>
  <CUSTOM_CONSUMER>
    <X>17</X>
    <Y>13</Y>
    <currentCurrent>0.0</currentCurrent>
    <currentPowerLoss>0.0</currentPowerLoss>
    <currentPowerTransport>0.0</currentPowerTransport>
    <currentVoltage>1.0</currentVoltage>
    <maxPowerTransport>0.0</maxPowerTransport>
    <nominalVoltage>1.0</nominalVoltage>
    <powerConsumption>0.0</powerConsumption>
    <powerDemand>0.0</powerDemand>
    <powerLineCharge>0.0</powerLineCharge>
    <powerProduction>0.0</powerProduction>
    <powerProductionOptimal>0.0</powerProductionOptimal>
    <resistance>0.0</resistance>
    <transportPowerDecrement>0.0</transportPowerDecrement>
    <voltageAngle>0.0</voltageAngle>
    <model name="ConstantDemandModel">
      <powerDemand>500.0</powerDemand>
    </model>
  </CUSTOM_CONSUMER>
  <CUSTOM_CONSUMER>
    <X>16</X>
    <Y>13</Y>
    <currentCurrent>0.0</currentCurrent>
    <currentPowerLoss>0.0</currentPowerLoss>
    <currentPowerTransport>0.0</currentPowerTransport>
    <currentVoltage>1.0</currentVoltage>
    <maxPowerTransport>0.0</maxPowerTransport>
    <nominalVoltage>1.0</nominalVoltage>
    <powerConsumption>0.0</powerConsumption>
    <powerDemand>0.0</powerDemand>
    <powerLineCharge>0.0</powerLineCharge>
    <powerProduction>0.0</powerProduction>
    <powerProductionOptimal>0.0</powerProductionOptimal>
    <resistance>0.0</resistance>
    <transportPowerDecrement>0.0</transportPowerDecrement>
    <voltageAngle>0.0</voltageAngle>
    <model name="ConstantDemandModel">
      <powerDemand>500.0</powerDemand>
    </model>
  </CUSTOM_CONSUMER>
  <PLINE>
    <X>14</X>
    <Y>12</Y>
    <currentCurrent>0.0</currentCurrent>
    <currentPowerLoss>0.0</currentPowerLoss>
    <currentPowerTransport>0.0</currentPowerTransport>
    <currentVoltage>1.0</currentVoltage>
    <maxPowerTransport>10000.0</maxPowerTransport>
    <nominalVoltage>1.0</nominalVoltage>
    <powerConsumption>0.0</powerConsumption>
    <powerDemand>0.0</powerDemand>
    <powerLineCharge>0.0</powerLineCharge>
    <powerProduction>0.0</powerProduction>
    <powerProductionOptimal>0.0</powerProductionOptimal>
    <resistance>1.0</resistance>
    <transportPowerDecrement>0.01</transportPowerDecrement>
    <voltageAngle>0.0</voltageAngle>
  </PLINE>
  <PLINE>
    <X>15</X>
    <Y>10</Y>
    <currentCurrent>0.0</currentCurrent>
    <currentPowerLoss>0.0</currentPowerLoss>
    <currentPowerTransport>0.0</currentPowerTransport>
    <currentVoltage>1.0</currentVoltage>
    <maxPowerTransport>10000.0</maxPowerTransport>
    <nominalVoltage>1.0</nominalVoltage>
    <powerConsumption>0.0</powerConsumption>
    <powerDemand>0.0</powerDemand>
    <powerLineCharge>0.0</powerLineCharge>
    <powerProduction>0.0</powerProduction>
    <powerProductionOptimal>0.0</powerProductionOptimal>
    <resistance>1.0</resistance>
    <transportPowerDecrement>0.01</transportPowerDecrement>
    <voltageAngle>0.0</voltageAngle>
  </PLINE>
  <PLINE>
    <X>19</X>
    <Y>11</Y>
    <currentCurrent>0.0</currentCurrent>
    <currentPowerLoss>0.0</currentPowerLoss>
    <currentPowerTransport>0.0</currentPowerTransport>
    <currentVoltage>1.0</currentVoltage>
    <maxPowerTransport>10000.0</maxPowerTransport>
    <nominalVoltage>1.0</nominalVoltage>
    <powerConsumption>0.0</powerConsumption>
    <powerDemand>0.0</powerDemand>
    <powerLineCharge>0.0</powerLineCharge>
    <powerProduction>0.0</powerProduction>
    <powerProductionOptimal>0.0</powerProductionOptimal>
    <resistance>1.0</resistance>
    <transportPowerDecrement>0.01</transportPowerDecrement>
    <voltageAngle>0.0</voltageAngle>
  </PLINE>
  <PLINE>
    <X>19</X>
    <Y>6</Y>
    <currentCurrent>0.0</currentCurrent>
    <currentPowerLoss>0.0</currentPowerLoss>
    <currentPowerTransport>0.0</currentPowerTransport>
    <currentVoltage>1.0</currentVoltage>
    <maxPowerTransport>10000.0</maxPowerTransport>
    <nominalVoltage>1.0</nominalVoltage>
    <powerConsumption>0.0</powerConsumption>
    <powerDemand>0.0</powerDemand>
    <powerLineCharge>0.0</powerLineCharge>
    <powerProduction>0.0</powerProduction>
    <powerProductionOptimal>0.0</powerProductionOptimal>
    <resistance>1.0</resistance>
    <transportPowerDecrement>0.01</transportPowerDecrement>
    <voltageAngle>0.0</voltageAngle>
  </PLINE>
  <PLINE>
    <X>15</X>
    <Y>6</Y>
    <currentCurrent>0.0</currentCurrent>
    <currentPowerLoss>0.0</currentPowerLoss>
    <currentPowerTransport>0.0</currentPowerTransport>
    <currentVoltage>1.0</currentVoltage>
    <maxPowerTransport>10000.0</maxPowerTransport>
    <nominalVoltage>1.0</nominalVoltage>
    <powerConsumption>0.0</powerConsumption>
    <powerDemand>0.0</powerDemand>
    <powerLineCharge>0.0</powerLineCharge>
    <powerProduction>0.0</powerProduction>
    <powerProductionOptimal>0.0</powerProductionOptimal>
    <resistance>1.0</resistance>
    <transportPowerDecrement>0.01</transportPowerDecrement>
    <voltageAngle>0.0</voltageAngle>
  </PLINE>
  <PLINE>
    <X>19</X>
    <Y>4</Y>
    <currentCurrent>0.0</currentCurrent>
    <currentPowerLoss>0.0</currentPowerLoss>
    <currentPowerTransport>0.0</currentPowerTransport>
    <currentVoltage>1.0</currentVoltage>
    <maxPowerTransport>10000.0</maxPowerTransport>
    <nominalVoltage>1.0</nominalVoltage>
    <powerConsumption>0.0</powerConsumption>
    <powerDemand>0.0</powerDemand>
    <powerLineCharge>0.0</powerLineCharge>
    <powerProduction>0.0</powerProduction>
    <powerProductionOptimal>0.0</powerProductionOptimal>
    <resistance>1.0</resistance>
    <transportPowerDecrement>0.01</transportPowerDecrement>
    <voltageAngle>0.0</voltageAngle>
  </PLINE>
  <SPLINE>
    <X>14</X>
    <Y>10</Y>
    <currentCurrent>0.0</currentCurrent>
    <currentPowerLoss>0.0</currentPowerLoss>
    <currentPowerTransport>0.0</currentPowerTransport>
    <currentVoltage>1.0</currentVoltage>
    <maxPowerTransport>Infinity</maxPowerTransport>
    <nominalVoltage>1.0</nominalVoltage>
    <powerConsumption>0.0</powerConsumption>
    <powerDemand>0.0</powerDemand>
    <powerLineCharge>0.0</powerLineCharge>
    <powerProduction>0.0</powerProduction>
    <powerProductionOptimal>0.0</powerProductionOptimal>
    <resistance>0.0</resistance>
    <transportPowerDecrement>0.0</transportPowerDecrement>
    <voltageAngle>0.0</voltageAngle>
  </SPLINE>
  <SPLINE>
    <X>14</X>
    <Y>11</Y>
    <currentCurrent>0.0</currentCurrent>
    <currentPowerLoss>0.0</currentPowerLoss>
    <currentPowerTransport>0.0</currentPowerTransport>
    <currentVoltage>1.0</currentVoltage>
    <maxPowerTransport>Infinity</maxPowerTransport>
    <nominalVoltage>1.0</nominalVoltage>
    <powerConsumption>0.0</powerConsumption>
    <powerDemand>0.0</powerDemand>
    <powerLineCharge>0.0</powerLineCharge>
    <powerProduction>0.0</powerProduction>
    <powerProductionOptimal>0.0</powerProductionOptimal>
    <resistance>0.0</resistance>
    <transportPowerDecrement>0.0</transportPowerDecrement>
    <voltageAngle>0.0</voltageAngle>
  </SPLINE>
  <SPLINE>
    <X>15</X>
    <Y>13</Y>
    <currentCurrent>0.0</currentCurrent>
    <currentPowerLoss>0.0</currentPowerLoss>
    <currentPowerTransport>0.0</currentPowerTransport>
    <currentVoltage>1.0</currentVoltage>
    <maxPowerTransport>Infinity</maxPowerTransport>
    <nominalVoltage>1.0</nominalVoltage>
    <powerConsumption>0.0</powerConsumption>
    <powerDemand>0.0</powerDemand>
    <powerLineCharge>0.0</powerLineCharge>
    <powerProduction>0.0</powerProduction>
    <powerProductionOptimal>0.0</powerProductionOptimal>
    <resistance>0.0</resistance>
    <transportPowerDecrement>0.0</transportPowerDecrement>
    <voltageAngle>0.0</voltageAngle>
  </SPLINE>
  <SPLINE>
    <X>14</X>
    <Y>9</Y>
    <currentCurrent>0.0</currentCurrent>
    <currentPowerLoss>0.0</currentPowerLoss>
    <currentPowerTransport>0.0</currentPowerTransport>
    <currentVoltage>1.0</currentVoltage>
    <maxPowerTransport>Infinity</maxPowerTransport>
    <nominalVoltage>1.0</nominalVoltage>
    <powerConsumption>0.0</powerConsumption>
    <powerDemand>0.0</powerDemand>
    <powerLineCharge>0.0</powerLineCharge>
    <powerProduction>0.0</powerProduction>
    <powerProductionOptimal>0.0</powerProductionOptimal>
    <resistance>0.0</resistance>
    <transportPowerDecrement>0.0</transportPowerDecrement>
    <voltageAngle>0.0</voltageAngle>
  </SPLINE>
  <SPLINE>
    <X>14</X>
    <Y>6</Y>
    <currentCurrent>0.0</currentCurrent>
    <currentPowerLoss>0.0</currentPowerLoss>
    <currentPowerTransport>0.0</currentPowerTransport>
    <currentVoltage>1.0</currentVoltage>
    <maxPowerTransport>Infinity</maxPowerTransport>
    <nominalVoltage>1.0</nominalVoltage>
    <powerConsumption>0.0</powerConsumption>
    <powerDemand>0.0</powerDemand>
    <powerLineCharge>0.0</powerLineCharge>
    <powerProduction>0.0</powerProduction>
    <powerProductionOptimal>0.0</powerProductionOptimal>
    <resistance>0.0</resistance>
    <transportPowerDecrement>0.0</transportPowerDecrement>
    <voltageAngle>0.0</voltageAngle>
  </SPLINE>
  <SPLINE>
    <X>16</X>
    <Y>6</Y>
    <currentCurrent>0.0</currentCurrent>
    <currentPowerLoss>0.0</currentPowerLoss>
    <currentPowerTransport>0.0</currentPowerTransport>
    <currentVoltage>1.0</currentVoltage>
    <maxPowerTransport>Infinity</maxPowerTransport>
    <nominalVoltage>1.0</nominalVoltage>
    <powerConsumption>0.0</powerConsumption>
    <powerDemand>0.0</powerDemand>
    <powerLineCharge>0.0</powerLineCharge>
    <powerProduction>0.0</powerProduction>
    <powerProductionOptimal>0.0</powerProductionOptimal>
    <resistance>0.0</resistance>
    <transportPowerDecrement>0.0</transportPowerDecrement>
    <voltageAngle>0.0</voltageAngle>
  </SPLINE>
  <SPLINE>
    <X>17</X>
    <Y>6</Y>
    <currentCurrent>0.0</currentCurrent>
    <currentPowerLoss>0.0</currentPowerLoss>
    <currentPowerTransport>0.0</currentPowerTransport>
    <currentVoltage>1.0</currentVoltage>
    <maxPowerTransport>Infinity</maxPowerTransport>
    <nominalVoltage>1.0</nominalVoltage>
    <powerConsumption>0.0</powerConsumption>
    <powerDemand>0.0</powerDemand>
    <powerLineCharge>0.0</powerLineCharge>
    <powerProduction>0.0</powerProduction>
    <powerProductionOptimal>0.0</powerProductionOptimal>
    <resistance>0.0</resistance>
    <transportPowerDecrement>0.0</transportPowerDecrement>
    <voltageAngle>0.0</voltageAngle>
  </SPLINE>
  <SPLINE>
    <X>18</X>
    <Y>6</Y>
    <currentCurrent>0.0</currentCurrent>
    <currentPowerLoss>0.0</currentPowerLoss>
    <currentPowerTransport>0.0</currentPowerTransport>
    <currentVoltage>1.0</currentVoltage>
    <maxPowerTransport>Infinity</maxPowerTransport>
    <nominalVoltage>1.0</nominalVoltage>
    <powerConsumption>0.0</powerConsumption>
    <powerDemand>0.0</powerDemand>
    <powerLineCharge>0.0</powerLineCharge>
    <powerProduction>0.0</powerProduction>
    <powerProductionOptimal>0.0</powerProductionOptimal>
    <resistance>0.0</resistance>
    <transportPowerDecrement>0.0</transportPowerDecrement>
    <voltageAngle>0.0</voltageAngle>
  </SPLINE>
  <SPLINE>
    <X>20</X>
    <Y>6</Y>
    <currentCurrent>0.0</currentCurrent>
    <currentPowerLoss>0.0</currentPowerLoss>
    <currentPowerTransport>0.0</currentPowerTransport>
    <currentVoltage>1.0</currentVoltage>
    <maxPowerTransport>Infinity</maxPowerTransport>
    <nominalVoltage>1.0</nominalVoltage>
    <powerConsumption>0.0</powerConsumption>
    <powerDemand>0.0</powerDemand>
    <powerLineCharge>0.0</powerLineCharge>
    <powerProduction>0.0</powerProduction>
    <powerProductionOptimal>0.0</powerProductionOptimal>
    <resistance>0.0</resistance>
    <transportPowerDecrement>0.0</transportPowerDecrement>
    <voltageAngle>0.0</voltageAngle>
  </SPLINE>
  <SPLINE>
    <X>20</X>
    <Y>7</Y>
    <currentCurrent>0.0</currentCurrent>
    <currentPowerLoss>0.0</currentPowerLoss>
    <currentPowerTransport>0.0</currentPowerTransport>
    <currentVoltage>1.0</currentVoltage>
    <maxPowerTransport>Infinity</maxPowerTransport>
    <nominalVoltage>1.0</nominalVoltage>
    <powerConsumption>0.0</powerConsumption>
    <powerDemand>0.0</powerDemand>
    <powerLineCharge>0.0</powerLineCharge>
    <powerProduction>0.0</powerProduction>
    <powerProductionOptimal>0.0</powerProductionOptimal>
    <resistance>0.0</resistance>
    <transportPowerDecrement>0.0</transportPowerDecrement>
    <voltageAngle>0.0</voltageAngle>
  </SPLINE>
  <SPLINE>
    <X>19</X>
    <Y>9</Y>
    <currentCurrent>0.0</currentCurrent>
    <currentPowerLoss>0.0</currentPowerLoss>
    <currentPowerTransport>0.0</currentPowerTransport>
    <currentVoltage>1.0</currentVoltage>
    <maxPowerTransport>Infinity</maxPowerTransport>
    <nominalVoltage>1.0</nominalVoltage>
    <powerConsumption>0.0</powerConsumption>
    <powerDemand>0.0</powerDemand>
    <powerLineCharge>0.0</powerLineCharge>
    <powerProduction>0.0</powerProduction>
    <powerProductionOptimal>0.0</powerProductionOptimal>
    <resistance>0.0</resistance>
    <transportPowerDecrement>0.0</transportPowerDecrement>
    <voltageAngle>0.0</voltageAngle>
  </SPLINE>
  <SPLINE>
    <X>19</X>
    <Y>10</Y>
    <currentCurrent>0.0</currentCurrent>
    <currentPowerLoss>0.0</currentPowerLoss>
    <currentPowerTransport>0.0</currentPowerTransport>
    <currentVoltage>1.0</currentVoltage>
    <maxPowerTransport>Infinity</maxPowerTransport>
    <nominalVoltage>1.0</nominalVoltage>
    <powerConsumption>0.0</powerConsumption>
    <powerDemand>0.0</powerDemand>
    <powerLineCharge>0.0</powerLineCharge>
    <powerProduction>0.0</powerProduction>
    <powerProductionOptimal>0.0</powerProductionOptimal>
    <resistance>0.0</resistance>
    <transportPowerDecrement>0.0</transportPowerDecrement>
    <voltageAngle>0.0</voltageAngle>
  </SPLINE>
  <SPLINE>
    <X>20</X>
    <Y>8</Y>
    <currentCurrent>0.0</currentCurrent>
    <currentPowerLoss>0.0</currentPowerLoss>
    <currentPowerTransport>0.0</currentPowerTransport>
    <currentVoltage>1.0</currentVoltage>
    <maxPowerTransport>Infinity</maxPowerTransport>
    <nominalVoltage>1.0</nominalVoltage>
    <powerConsumption>0.0</powerConsumption>
    <powerDemand>0.0</powerDemand>
    <powerLineCharge>0.0</powerLineCharge>
    <powerProduction>0.0</powerProduction>
    <powerProductionOptimal>0.0</powerProductionOptimal>
    <resistance>0.0</resistance>
    <transportPowerDecrement>0.0</transportPowerDecrement>
    <voltageAngle>0.0</voltageAngle>
  </SPLINE>
  <SPLINE>
    <X>19</X>
    <Y>13</Y>
    <currentCurrent>0.0</currentCurrent>
    <currentPowerLoss>0.0</currentPowerLoss>
    <currentPowerTransport>0.0</currentPowerTransport>
    <currentVoltage>1.0</currentVoltage>
    <maxPowerTransport>Infinity</maxPowerTransport>
    <nominalVoltage>1.0</nominalVoltage>
    <powerConsumption>0.0</powerConsumption>
    <powerDemand>0.0</powerDemand>
    <powerLineCharge>0.0</powerLineCharge>
    <powerProduction>0.0</powerProduction>
    <powerProductionOptimal>0.0</powerProductionOptimal>
    <resistance>0.0</resistance>
    <transportPowerDecrement>0.0</transportPowerDecrement>
    <voltageAngle>0.0</voltageAngle>
  </SPLINE>
  <SPLINE>
    <X>14</X>
    <Y>13</Y>
    <currentCurrent>0.0</currentCurrent>
    <currentPowerLoss>0.0</currentPowerLoss>
    <currentPowerTransport>0.0</currentPowerTransport>
    <currentVoltage>1.0</currentVoltage>
    <maxPowerTransport>Infinity</maxPowerTransport>
    <nominalVoltage>1.0</nominalVoltage>
    <powerConsumption>0.0</powerConsumption>
    <powerDemand>0.0</powerDemand>
    <powerLineCharge>0.0</powerLineCharge>
    <powerProduction>0.0</powerProduction>
    <powerProductionOptimal>0.0</powerProductionOptimal>
    <resistance>0.0</resistance>
    <transportPowerDecrement>0.0</transportPowerDecrement>
    <voltageAngle>0.0</voltageAngle>
  </SPLINE>
  <SPLINE>
    <X>16</X>
    <Y>10</Y>
    <currentCurrent>0.0</currentCurrent>
    <currentPowerLoss>0.0</currentPowerLoss>
    <currentPowerTransport>0.0</currentPowerTransport>
    <currentVoltage>1.0</currentVoltage>
    <maxPowerTransport>Infinity</maxPowerTransport>
    <nominalVoltage>1.0</nominalVoltage>
    <powerConsumption>0.0</powerConsumption>
    <powerDemand>0.0</powerDemand>
    <powerLineCharge>0.0</powerLineCharge>
    <powerProduction>0.0</powerProduction>
    <powerProductionOptimal>0.0</powerProductionOptimal>
    <resistance>0.0</resistance>
    <transportPowerDecrement>0.0</transportPowerDecrement>
    <voltageAngle>0.0</voltageAngle>
  </SPLINE>
  <SPLINE>
    <X>17</X>
    <Y>10</Y>
    <currentCurrent>0.0</currentCurrent>
    <currentPowerLoss>0.0</currentPowerLoss>
    <currentPowerTransport>0.0</currentPowerTransport>
    <currentVoltage>1.0</currentVoltage>
    <maxPowerTransport>Infinity</maxPowerTransport>
    <nominalVoltage>1.0</nominalVoltage>
    <powerConsumption>0.0</powerConsumption>
    <powerDemand>0.0</powerDemand>
    <powerLineCharge>0.0</powerLineCharge>
    <powerProduction>0.0</powerProduction>
    <powerProductionOptimal>0.0</powerProductionOptimal>
    <resistance>0.0</resistance>
    <transportPowerDecrement>0.0</transportPowerDecrement>
    <voltageAngle>0.0</voltageAngle>
  </SPLINE>
  <SPLINE>
    <X>19</X>
    <Y>12</Y>
    <currentCurrent>0.0</currentCurrent>
    <currentPowerLoss>0.0</currentPowerLoss>
    <currentPowerTransport>0.0</currentPowerTransport>
    <currentVoltage>1.0</currentVoltage>
    <maxPowerTransport>Infinity</maxPowerTransport>
    <nominalVoltage>1.0</nominalVoltage>
    <powerConsumption>0.0</powerConsumption>
    <powerDemand>0.0</powerDemand>
    <powerLineCharge>0.0</powerLineCharge>
    <powerProduction>0.0</powerProduction>
    <powerProductionOptimal>0.0</powerProductionOptimal>
    <resistance>0.0</resistance>
    <transportPowerDecrement>0.0</transportPowerDecrement>
    <voltageAngle>0.0</voltageAngle>
  </SPLINE>
  <SPLINE>
    <X>19</X>
    <Y>8</Y>
    <currentCurrent>0.0</currentCurrent>
    <currentPowerLoss>0.0</currentPowerLoss>
    <currentPowerTransport>0.0</currentPowerTransport>
    <currentVoltage>1.0</currentVoltage>
    <maxPowerTransport>Infinity</maxPowerTransport>
    <nominalVoltage>1.0</nominalVoltage>
    <powerConsumption>0.0</powerConsumption>
    <powerDemand>0.0</powerDemand>
    <powerLineCharge>0.0</powerLineCharge>
    <powerProduction>0.0</powerProduction>
    <powerProductionOptimal>0.0</powerProductionOptimal>
    <resistance>0.0</resistance>
    <transportPowerDecrement>0.0</transportPowerDecrement>
    <voltageAngle>0.0</voltageAngle>
  </SPLINE>
  <SPLINE>
    <X>14</X>
    <Y>7</Y>
    <currentCurrent>0.0</currentCurrent>
    <currentPowerLoss>0.0</currentPowerLoss>
    <currentPowerTransport>0.0</currentPowerTransport>
    <currentVoltage>1.0</currentVoltage>
    <maxPowerTransport>Infinity</maxPowerTransport>
    <nominalVoltage>1.0</nominalVoltage>
    <powerConsumption>0.0</powerConsumption>
    <powerDemand>0.0</powerDemand>
    <powerLineCharge>0.0</powerLineCharge>
    <powerProduction>0.0</powerProduction>
    <powerProductionOptimal>0.0</powerProductionOptimal>
    <resistance>0.0</resistance>
    <transportPowerDecrement>0.0</transportPowerDecrement>
    <voltageAngle>0.0</voltageAngle>
  </SPLINE>
  <SPLINE>
    <X>14</X>
    <Y>8</Y>
    <currentCurrent>0.0</currentCurrent>
    <currentPowerLoss>0.0</currentPowerLoss>
    <currentPowerTransport>0.0</currentPowerTransport>
    <currentVoltage>1.0</currentVoltage>
    <maxPowerTransport>Infinity</maxPowerTransport>
    <nominalVoltage>1.0</nominalVoltage>
    <powerConsumption>0.0</powerConsumption>
    <powerDemand>0.0</powerDemand>
    <powerLineCharge>0.0</powerLineCharge>
    <powerProduction>0.0</powerProduction>
    <powerProductionOptimal>0.0</powerProductionOptimal>
    <resistance>0.0</resistance>
    <transportPowerDecrement>0.0</transportPowerDecrement>
    <voltageAngle>0.0</voltageAngle>
  </SPLINE>
  <SPLINE>
    <X>18</X>
    <Y>4</Y>
    <currentCurrent>0.0</currentCurrent>
    <currentPowerLoss>0.0</currentPowerLoss>
    <currentPowerTransport>0.0</currentPowerTransport>
    <currentVoltage>1.0</currentVoltage>
    <maxPowerTransport>Infinity</maxPowerTransport>
    <nominalVoltage>1.0</nominalVoltage>
    <powerConsumption>0.0</powerConsumption>
    <powerDemand>0.0</powerDemand>
    <powerLineCharge>0.0</powerLineCharge>
    <powerProduction>0.0</powerProduction>
    <powerProductionOptimal>0.0</powerProductionOptimal>
    <resistance>0.0</resistance>
    <transportPowerDecrement>0.0</transportPowerDecrement>
    <voltageAngle>0.0</voltageAngle>
  </SPLINE>
  <SPLINE>
    <X>17</X>
    <Y>4</Y>
    <currentCurrent>0.0</currentCurrent>
    <currentPowerLoss>0.0</currentPowerLoss>
    <currentPowerTransport>0.0</currentPowerTransport>
    <currentVoltage>1.0</currentVoltage>
    <maxPowerTransport>Infinity</maxPowerTransport>
    <nominalVoltage>1.0</nominalVoltage>
    <powerConsumption>0.0</powerConsumption>
    <powerDemand>0.0</powerDemand>
    <powerLineCharge>0.0</powerLineCharge>
    <powerProduction>0.0</powerProduction>
    <powerProductionOptimal>0.0</powerProductionOptimal>
    <resistance>0.0</resistance>
    <transportPowerDecrement>0.0</transportPowerDecrement>
    <voltageAngle>0.0</voltageAngle>
  </SPLINE>
  <SPLINE>
    <X>17</X>
    <Y>5</Y>
    <currentCurrent>0.0</currentCurrent>
    <currentPowerLoss>0.0</currentPowerLoss>
    <currentPowerTransport>0.0</currentPowerTransport>
    <currentVoltage>1.0</currentVoltage>
    <maxPowerTransport>Infinity</maxPowerTransport>
    <nominalVoltage>1.0</nominalVoltage>
    <powerConsumption>0.0</powerConsumption>
    <powerDemand>0.0</powerDemand>
    <powerLineCharge>0.0</powerLineCharge>
    <powerProduction>0.0</powerProduction>
    <powerProductionOptimal>0.0</powerProductionOptimal>
    <resistance>0.0</resistance>
    <transportPowerDecrement>0.0</transportPowerDecrement>
    <voltageAngle>0.0</voltageAngle>
  </SPLINE>
  <GRID_POWER>
    <X>17</X>
    <Y>3</Y>
    <currentCurrent>0.0</currentCurrent>
    <currentPowerLoss>0.0</currentPowerLoss>
    <currentPowerTransport>0.0</currentPowerTransport>
    <currentVoltage>1.0</currentVoltage>
    <maxPowerTransport>0.0</maxPowerTransport>
    <nominalVoltage>1.0</nominalVoltage>
    <powerConsumption>1684.3476</powerConsumption>
    <powerDemand>0.0</powerDemand>
    <powerLineCharge>0.0</powerLineCharge>
    <powerProduction>0.0</powerProduction>
    <powerProductionOptimal>0.0</powerProductionOptimal>
    <resistance>0.0</resistance>
    <transportPowerDecrement>0.0</transportPowerDecrement>
    <voltageAngle>0.0</voltageAngle>
  </GRID_POWER>
  <WIND_TURBINE_POWER_PLANT>
    <X>21</X>
    <Y>4</Y>
    <currentCurrent>0.0</currentCurrent>
    <currentPowerLoss>0.0</currentPowerLoss>
    <currentPowerTransport>0.0</currentPowerTransport>
    <currentVoltage>1.0</currentVoltage>
    <maxPowerTransport>0.0</maxPowerTransport>
    <nominalVoltage>1.0</nominalVoltage>
    <powerConsumption>0.0</powerConsumption>
    <powerDemand>0.0</powerDemand>
    <powerLineCharge>0.0</powerLineCharge>
    <powerProduction>0.0</powerProduction>
    <powerProductionOptimal>0.0</powerProductionOptimal>
    <resistance>0.0</resistance>
    <transportPowerDecrement>0.0</transportPowerDecrement>
    <voltageAngle>0.0</voltageAngle>
    <model name="RandomWindTurbineModel">
      <powerProduction>0.0</powerProduction>
      <powerProductionOptimal>222.0</powerProductionOptimal>
      <randomProductionFactor>0.2</randomProductionFactor>
    </model>
  </WIND_TURBINE_POWER_PLANT>
  <WIND_TURBINE_POWER_PLANT>
    <X>20</X>
    <Y>4</Y>
    <currentCurrent>0.0</currentCurrent>
    <currentPowerLoss>0.0</currentPowerLoss>
    <currentPowerTransport>0.0</currentPowerTransport>
    <currentVoltage>1.0</currentVoltage>
    <maxPowerTransport>0.0</maxPowerTransport>
    <nominalVoltage>1.0</nominalVoltage>
    <powerConsumption>0.0</powerConsumption>
    <powerDemand>0.0</powerDemand>
    <powerLineCharge>0.0</powerLineCharge>
    <powerProduction>0.0</powerProduction>
    <powerProductionOptimal>0.0</powerProductionOptimal>
    <resistance>0.0</resistance>
    <transportPowerDecrement>0.0</transportPowerDecrement>
    <voltageAngle>0.0</voltageAngle>
    <model name="RandomWindTurbineModel">
      <powerProduction>0.0</powerProduction>
      <powerProductionOptimal>1500.0</powerProductionOptimal>
      <randomProductionFactor>0.2</randomProductionFactor>
    </model>
  </WIND_TURBINE_POWER_PLANT>
  <SOLAR_POWER_PLANT>
    <X>11</X>
    <Y>8</Y>
    <currentCurrent>0.0</currentCurrent>
    <currentPowerLoss>0.0</currentPowerLoss>
    <currentPowerTransport>0.0</currentPowerTransport>
    <currentVoltage>1.0</currentVoltage>
    <maxPowerTransport>0.0</maxPowerTransport>
    <nominalVoltage>1.0</nominalVoltage>
    <powerConsumption>0.0</powerConsumption>
    <powerDemand>0.0</powerDemand>
    <powerLineCharge>0.0</powerLineCharge>
    <powerProduction>0.0</powerProduction>
    <powerProductionOptimal>0.0</powerProductionOptimal>
    <resistance>0.0</resistance>
    <transportPowerDecrement>0.0</transportPowerDecrement>
    <voltageAngle>0.0</voltageAngle>
    <model name="SolarPeakPowerModel">
      <efficiency>0.2</efficiency>
      <height>0.0</height>
      <latitude>46.6</latitude>
      <longitude>14.4</longitude>
      <powerProduction>0.0</powerProduction>
      <powerProductionOptimal>1500.0</powerProductionOptimal>
      <squareMeters>0.0</squareMeters>
    </model>
  </SOLAR_POWER_PLANT>
  <SOLAR_POWER_PLANT>
    <X>12</X>
    <Y>8</Y>
    <currentCurrent>0.0</currentCurrent>
    <currentPowerLoss>0.0</currentPowerLoss>
    <currentPowerTransport>0.0</currentPowerTransport>
    <currentVoltage>1.0</currentVoltage>
    <maxPowerTransport>0.0</maxPowerTransport>
    <nominalVoltage>1.0</nominalVoltage>
    <powerConsumption>0.0</powerConsumption>
    <powerDemand>0.0</powerDemand>
    <powerLineCharge>0.0</powerLineCharge>
    <powerProduction>0.0</powerProduction>
    <powerProductionOptimal>0.0</powerProductionOptimal>
    <resistance>0.0</resistance>
    <transportPowerDecrement>0.0</transportPowerDecrement>
    <voltageAngle>0.0</voltageAngle>
    <model name="SolarPeakPowerModel">
      <efficiency>0.2</efficiency>
      <height>0.0</height>
      <latitude>46.6</latitude>
      <longitude>14.4</longitude>
      <powerProduction>0.0</powerProduction>
      <powerProductionOptimal>500.0</powerProductionOptimal>
      <squareMeters>0.0</squareMeters>
    </model>
  </SOLAR_POWER_PLANT>
  <SOLAR_POWER_PLANT>
    <X>18</X>
    <Y>13</Y>
    <currentCurrent>0.0</currentCurrent>
    <currentPowerLoss>0.0</currentPowerLoss>
    <currentPowerTransport>0.0</currentPowerTransport>
    <currentVoltage>1.0</currentVoltage>
    <maxPowerTransport>0.0</maxPowerTransport>
    <nominalVoltage>1.0</nominalVoltage>
    <powerConsumption>0.0</powerConsumption>
    <powerDemand>0.0</powerDemand>
    <powerLineCharge>0.0</powerLineCharge>
    <powerProduction>0.0</powerProduction>
    <powerProductionOptimal>0.0</powerProductionOptimal>
    <resistance>0.0</resistance>
    <transportPowerDecrement>0.0</transportPowerDecrement>
    <voltageAngle>0.0</voltageAngle>
    <model name="SolarPeakPowerModel">
      <efficiency>0.2</efficiency>
      <height>0.0</height>
      <latitude>46.6</latitude>
      <longitude>14.4</longitude>
      <powerProduction>0.0</powerProduction>
      <powerProductionOptimal>500.0</powerProductionOptimal>
      <squareMeters>0.0</squareMeters>
    </model>
  </SOLAR_POWER_PLANT>
</root>
