<?xml version="1.0" encoding="UTF-8"?>

<root>
  <GRID_POWER>
    <X>16</X>
    <Y>3</Y>
    <currentCurrent>0.0</currentCurrent>
    <currentPowerLoss>0.0</currentPowerLoss>
    <currentPowerTransport>0.0</currentPowerTransport>
    <currentVoltage>1.0</currentVoltage>
    <maxPowerTransport>0.0</maxPowerTransport>
    <nominalVoltage>1.0</nominalVoltage>
    <powerConsumption>2195697.4777199994</powerConsumption>
    <powerDemand>0.0</powerDemand>
    <powerLineCharge>0.0</powerLineCharge>
    <powerProduction>0.0</powerProduction>
    <powerProductionOptimal>0.0</powerProductionOptimal>
    <resistance>0.0</resistance>
    <transportPowerDecrement>0.0</transportPowerDecrement>
    <voltageAngle>0.0</voltageAngle>
  </GRID_POWER>
  <SPLINE>
    <X>16</X>
    <Y>4</Y>
    <currentCurrent>0.0</currentCurrent>
    <currentPowerLoss>0.0</currentPowerLoss>
    <currentPowerTransport>0.0</currentPowerTransport>
    <currentVoltage>1.0</currentVoltage>
    <maxPowerTransport>Infinity</maxPowerTransport>
    <nominalVoltage>1.0</nominalVoltage>
    <powerConsumption>0.0</powerConsumption>
    <powerDemand>0.0</powerDemand>
    <powerLineCharge>0.0</powerLineCharge>
    <powerProduction>0.0</powerProduction>
    <powerProductionOptimal>0.0</powerProductionOptimal>
    <resistance>0.0</resistance>
    <transportPowerDecrement>0.0</transportPowerDecrement>
    <voltageAngle>0.0</voltageAngle>
  </SPLINE>
  <SPLINE>
    <X>16</X>
    <Y>5</Y>
    <currentCurrent>0.0</currentCurrent>
    <currentPowerLoss>0.0</currentPowerLoss>
    <currentPowerTransport>0.0</currentPowerTransport>
    <currentVoltage>1.0</currentVoltage>
    <maxPowerTransport>Infinity</maxPowerTransport>
    <nominalVoltage>1.0</nominalVoltage>
    <powerConsumption>0.0</powerConsumption>
    <powerDemand>0.0</powerDemand>
    <powerLineCharge>0.0</powerLineCharge>
    <powerProduction>0.0</powerProduction>
    <powerProductionOptimal>0.0</powerProductionOptimal>
    <resistance>0.0</resistance>
    <transportPowerDecrement>0.0</transportPowerDecrement>
    <voltageAngle>0.0</voltageAngle>
  </SPLINE>
  <CUSTOM_CONSUMER>
    <X>18</X>
    <Y>5</Y>
    <currentCurrent>0.0</currentCurrent>
    <currentPowerLoss>0.0</currentPowerLoss>
    <currentPowerTransport>0.0</currentPowerTransport>
    <currentVoltage>1.0</currentVoltage>
    <maxPowerTransport>0.0</maxPowerTransport>
    <nominalVoltage>1.0</nominalVoltage>
    <powerConsumption>49105.74375</powerConsumption>
    <powerDemand>49105.74375</powerDemand>
    <powerLineCharge>0.0</powerLineCharge>
    <powerProduction>0.0</powerProduction>
    <powerProductionOptimal>0.0</powerProductionOptimal>
    <resistance>0.0</resistance>
    <transportPowerDecrement>0.0</transportPowerDecrement>
    <voltageAngle>0.0</voltageAngle>
    <model name="ResidentialAverageLoadCurveModel">
      <annualEnergyConsumption>425250.0</annualEnergyConsumption>
      <powerDemand>49105.74375</powerDemand>
    </model>
  </CUSTOM_CONSUMER>
  <SPLINE>
    <X>17</X>
    <Y>5</Y>
    <currentCurrent>0.0</currentCurrent>
    <currentPowerLoss>0.0</currentPowerLoss>
    <currentPowerTransport>0.0</currentPowerTransport>
    <currentVoltage>1.0</currentVoltage>
    <maxPowerTransport>Infinity</maxPowerTransport>
    <nominalVoltage>1.0</nominalVoltage>
    <powerConsumption>0.0</powerConsumption>
    <powerDemand>0.0</powerDemand>
    <powerLineCharge>0.0</powerLineCharge>
    <powerProduction>0.0</powerProduction>
    <powerProductionOptimal>0.0</powerProductionOptimal>
    <resistance>0.0</resistance>
    <transportPowerDecrement>0.0</transportPowerDecrement>
    <voltageAngle>0.0</voltageAngle>
  </SPLINE>
  <SPLINE>
    <X>16</X>
    <Y>6</Y>
    <currentCurrent>0.0</currentCurrent>
    <currentPowerLoss>0.0</currentPowerLoss>
    <currentPowerTransport>0.0</currentPowerTransport>
    <currentVoltage>1.0</currentVoltage>
    <maxPowerTransport>Infinity</maxPowerTransport>
    <nominalVoltage>1.0</nominalVoltage>
    <powerConsumption>0.0</powerConsumption>
    <powerDemand>0.0</powerDemand>
    <powerLineCharge>0.0</powerLineCharge>
    <powerProduction>0.0</powerProduction>
    <powerProductionOptimal>0.0</powerProductionOptimal>
    <resistance>0.0</resistance>
    <transportPowerDecrement>0.0</transportPowerDecrement>
    <voltageAngle>0.0</voltageAngle>
  </SPLINE>
  <SPLINE>
    <X>16</X>
    <Y>7</Y>
    <currentCurrent>0.0</currentCurrent>
    <currentPowerLoss>0.0</currentPowerLoss>
    <currentPowerTransport>0.0</currentPowerTransport>
    <currentVoltage>1.0</currentVoltage>
    <maxPowerTransport>Infinity</maxPowerTransport>
    <nominalVoltage>1.0</nominalVoltage>
    <powerConsumption>0.0</powerConsumption>
    <powerDemand>0.0</powerDemand>
    <powerLineCharge>0.0</powerLineCharge>
    <powerProduction>0.0</powerProduction>
    <powerProductionOptimal>0.0</powerProductionOptimal>
    <resistance>0.0</resistance>
    <transportPowerDecrement>0.0</transportPowerDecrement>
    <voltageAngle>0.0</voltageAngle>
  </SPLINE>
  <SPLINE>
    <X>16</X>
    <Y>8</Y>
    <currentCurrent>0.0</currentCurrent>
    <currentPowerLoss>0.0</currentPowerLoss>
    <currentPowerTransport>0.0</currentPowerTransport>
    <currentVoltage>1.0</currentVoltage>
    <maxPowerTransport>Infinity</maxPowerTransport>
    <nominalVoltage>1.0</nominalVoltage>
    <powerConsumption>0.0</powerConsumption>
    <powerDemand>0.0</powerDemand>
    <powerLineCharge>0.0</powerLineCharge>
    <powerProduction>0.0</powerProduction>
    <powerProductionOptimal>0.0</powerProductionOptimal>
    <resistance>0.0</resistance>
    <transportPowerDecrement>0.0</transportPowerDecrement>
    <voltageAngle>0.0</voltageAngle>
  </SPLINE>
  <SOLAR_POWER_PLANT>
    <X>18</X>
    <Y>3</Y>
    <currentCurrent>0.0</currentCurrent>
    <currentPowerLoss>0.0</currentPowerLoss>
    <currentPowerTransport>0.0</currentPowerTransport>
    <currentVoltage>1.0</currentVoltage>
    <maxPowerTransport>0.0</maxPowerTransport>
    <nominalVoltage>1.0</nominalVoltage>
    <powerConsumption>0.0</powerConsumption>
    <powerDemand>0.0</powerDemand>
    <powerLineCharge>0.0</powerLineCharge>
    <powerProduction>256247.0152</powerProduction>
    <powerProductionOptimal>425250.0</powerProductionOptimal>
    <resistance>0.0</resistance>
    <transportPowerDecrement>0.0</transportPowerDecrement>
    <voltageAngle>0.0</voltageAngle>
    <model name="SolarPeakPowerModel">
      <efficiency>0.25</efficiency>
      <height>0.0</height>
      <latitude>41.72</latitude>
      <longitude>-74.0</longitude>
      <powerProduction>256247.0152341561</powerProduction>
      <powerProductionOptimal>425250.0</powerProductionOptimal>
      <squareMeters>1701.0</squareMeters>
    </model>
  </SOLAR_POWER_PLANT>
  <CUSTOM_CONSUMER>
    <X>18</X>
    <Y>6</Y>
    <currentCurrent>0.0</currentCurrent>
    <currentPowerLoss>0.0</currentPowerLoss>
    <currentPowerTransport>0.0</currentPowerTransport>
    <currentVoltage>1.0</currentVoltage>
    <maxPowerTransport>0.0</maxPowerTransport>
    <nominalVoltage>1.0</nominalVoltage>
    <powerConsumption>49105.74375</powerConsumption>
    <powerDemand>49105.74375</powerDemand>
    <powerLineCharge>0.0</powerLineCharge>
    <powerProduction>0.0</powerProduction>
    <powerProductionOptimal>0.0</powerProductionOptimal>
    <resistance>0.0</resistance>
    <transportPowerDecrement>0.0</transportPowerDecrement>
    <voltageAngle>0.0</voltageAngle>
    <model name="ResidentialAverageLoadCurveModel">
      <annualEnergyConsumption>425250.0</annualEnergyConsumption>
      <powerDemand>49105.74375</powerDemand>
    </model>
  </CUSTOM_CONSUMER>
  <SOLAR_POWER_PLANT>
    <X>20</X>
    <Y>6</Y>
    <currentCurrent>0.0</currentCurrent>
    <currentPowerLoss>0.0</currentPowerLoss>
    <currentPowerTransport>0.0</currentPowerTransport>
    <currentVoltage>1.0</currentVoltage>
    <maxPowerTransport>0.0</maxPowerTransport>
    <nominalVoltage>1.0</nominalVoltage>
    <powerConsumption>0.0</powerConsumption>
    <powerDemand>0.0</powerDemand>
    <powerLineCharge>0.0</powerLineCharge>
    <powerProduction>256247.0152</powerProduction>
    <powerProductionOptimal>425250.0</powerProductionOptimal>
    <resistance>0.0</resistance>
    <transportPowerDecrement>0.0</transportPowerDecrement>
    <voltageAngle>0.0</voltageAngle>
    <model name="SolarPeakPowerModel">
      <efficiency>0.25</efficiency>
      <height>0.0</height>
      <latitude>41.72</latitude>
      <longitude>-74.0</longitude>
      <powerProduction>256247.0152341561</powerProduction>
      <powerProductionOptimal>425250.0</powerProductionOptimal>
      <squareMeters>1701.0</squareMeters>
    </model>
  </SOLAR_POWER_PLANT>
  <CUSTOM_CONSUMER>
    <X>18</X>
    <Y>9</Y>
    <currentCurrent>0.0</currentCurrent>
    <currentPowerLoss>0.0</currentPowerLoss>
    <currentPowerTransport>0.0</currentPowerTransport>
    <currentVoltage>1.0</currentVoltage>
    <maxPowerTransport>0.0</maxPowerTransport>
    <nominalVoltage>1.0</nominalVoltage>
    <powerConsumption>49105.74375</powerConsumption>
    <powerDemand>49105.74375</powerDemand>
    <powerLineCharge>0.0</powerLineCharge>
    <powerProduction>0.0</powerProduction>
    <powerProductionOptimal>0.0</powerProductionOptimal>
    <resistance>0.0</resistance>
    <transportPowerDecrement>0.0</transportPowerDecrement>
    <voltageAngle>0.0</voltageAngle>
    <model name="ResidentialAverageLoadCurveModel">
      <annualEnergyConsumption>425250.0</annualEnergyConsumption>
      <powerDemand>49105.74375</powerDemand>
    </model>
  </CUSTOM_CONSUMER>
  <CUSTOM_CONSUMER>
    <X>14</X>
    <Y>10</Y>
    <currentCurrent>0.0</currentCurrent>
    <currentPowerLoss>0.0</currentPowerLoss>
    <currentPowerTransport>0.0</currentPowerTransport>
    <currentVoltage>1.0</currentVoltage>
    <maxPowerTransport>0.0</maxPowerTransport>
    <nominalVoltage>1.0</nominalVoltage>
    <powerConsumption>29463.44625</powerConsumption>
    <powerDemand>29463.44625</powerDemand>
    <powerLineCharge>0.0</powerLineCharge>
    <powerProduction>0.0</powerProduction>
    <powerProductionOptimal>0.0</powerProductionOptimal>
    <resistance>0.0</resistance>
    <transportPowerDecrement>0.0</transportPowerDecrement>
    <voltageAngle>0.0</voltageAngle>
    <model name="ResidentialAverageLoadCurveModel">
      <annualEnergyConsumption>255150.0</annualEnergyConsumption>
      <powerDemand>29463.44625</powerDemand>
    </model>
  </CUSTOM_CONSUMER>
  <CUSTOM_CONSUMER>
    <X>13</X>
    <Y>11</Y>
    <currentCurrent>0.0</currentCurrent>
    <currentPowerLoss>0.0</currentPowerLoss>
    <currentPowerTransport>0.0</currentPowerTransport>
    <currentVoltage>1.0</currentVoltage>
    <maxPowerTransport>0.0</maxPowerTransport>
    <nominalVoltage>1.0</nominalVoltage>
    <powerConsumption>29463.44625</powerConsumption>
    <powerDemand>29463.44625</powerDemand>
    <powerLineCharge>0.0</powerLineCharge>
    <powerProduction>0.0</powerProduction>
    <powerProductionOptimal>0.0</powerProductionOptimal>
    <resistance>0.0</resistance>
    <transportPowerDecrement>0.0</transportPowerDecrement>
    <voltageAngle>0.0</voltageAngle>
    <model name="ResidentialAverageLoadCurveModel">
      <annualEnergyConsumption>255150.0</annualEnergyConsumption>
      <powerDemand>29463.44625</powerDemand>
    </model>
  </CUSTOM_CONSUMER>
  <CUSTOM_CONSUMER>
    <X>13</X>
    <Y>12</Y>
    <currentCurrent>0.0</currentCurrent>
    <currentPowerLoss>0.0</currentPowerLoss>
    <currentPowerTransport>0.0</currentPowerTransport>
    <currentVoltage>1.0</currentVoltage>
    <maxPowerTransport>0.0</maxPowerTransport>
    <nominalVoltage>1.0</nominalVoltage>
    <powerConsumption>29463.44625</powerConsumption>
    <powerDemand>29463.44625</powerDemand>
    <powerLineCharge>0.0</powerLineCharge>
    <powerProduction>0.0</powerProduction>
    <powerProductionOptimal>0.0</powerProductionOptimal>
    <resistance>0.0</resistance>
    <transportPowerDecrement>0.0</transportPowerDecrement>
    <voltageAngle>0.0</voltageAngle>
    <model name="ResidentialAverageLoadCurveModel">
      <annualEnergyConsumption>255150.0</annualEnergyConsumption>
      <powerDemand>29463.44625</powerDemand>
    </model>
  </CUSTOM_CONSUMER>
  <CUSTOM_CONSUMER>
    <X>18</X>
    <Y>11</Y>
    <currentCurrent>0.0</currentCurrent>
    <currentPowerLoss>0.0</currentPowerLoss>
    <currentPowerTransport>0.0</currentPowerTransport>
    <currentVoltage>1.0</currentVoltage>
    <maxPowerTransport>0.0</maxPowerTransport>
    <nominalVoltage>1.0</nominalVoltage>
    <powerConsumption>68748.04125</powerConsumption>
    <powerDemand>68748.04125</powerDemand>
    <powerLineCharge>0.0</powerLineCharge>
    <powerProduction>0.0</powerProduction>
    <powerProductionOptimal>0.0</powerProductionOptimal>
    <resistance>0.0</resistance>
    <transportPowerDecrement>0.0</transportPowerDecrement>
    <voltageAngle>0.0</voltageAngle>
    <model name="ResidentialAverageLoadCurveModel">
      <annualEnergyConsumption>595350.0</annualEnergyConsumption>
      <powerDemand>68748.04125</powerDemand>
    </model>
  </CUSTOM_CONSUMER>
  <CUSTOM_CONSUMER>
    <X>14</X>
    <Y>14</Y>
    <currentCurrent>0.0</currentCurrent>
    <currentPowerLoss>0.0</currentPowerLoss>
    <currentPowerTransport>0.0</currentPowerTransport>
    <currentVoltage>1.0</currentVoltage>
    <maxPowerTransport>0.0</maxPowerTransport>
    <nominalVoltage>1.0</nominalVoltage>
    <powerConsumption>61109.37</powerConsumption>
    <powerDemand>61109.37</powerDemand>
    <powerLineCharge>0.0</powerLineCharge>
    <powerProduction>0.0</powerProduction>
    <powerProductionOptimal>0.0</powerProductionOptimal>
    <resistance>0.0</resistance>
    <transportPowerDecrement>0.0</transportPowerDecrement>
    <voltageAngle>0.0</voltageAngle>
    <model name="ResidentialAverageLoadCurveModel">
      <annualEnergyConsumption>529200.0</annualEnergyConsumption>
      <powerDemand>61109.37</powerDemand>
    </model>
  </CUSTOM_CONSUMER>
  <CUSTOM_CONSUMER>
    <X>17</X>
    <Y>16</Y>
    <currentCurrent>0.0</currentCurrent>
    <currentPowerLoss>0.0</currentPowerLoss>
    <currentPowerTransport>0.0</currentPowerTransport>
    <currentVoltage>1.0</currentVoltage>
    <maxPowerTransport>0.0</maxPowerTransport>
    <nominalVoltage>1.0</nominalVoltage>
    <powerConsumption>82934.145</powerConsumption>
    <powerDemand>82934.145</powerDemand>
    <powerLineCharge>0.0</powerLineCharge>
    <powerProduction>0.0</powerProduction>
    <powerProductionOptimal>0.0</powerProductionOptimal>
    <resistance>0.0</resistance>
    <transportPowerDecrement>0.0</transportPowerDecrement>
    <voltageAngle>0.0</voltageAngle>
    <model name="ResidentialAverageLoadCurveModel">
      <annualEnergyConsumption>718200.0</annualEnergyConsumption>
      <powerDemand>82934.145</powerDemand>
    </model>
  </CUSTOM_CONSUMER>
  <SPLINE>
    <X>18</X>
    <Y>4</Y>
    <currentCurrent>0.0</currentCurrent>
    <currentPowerLoss>0.0</currentPowerLoss>
    <currentPowerTransport>0.0</currentPowerTransport>
    <currentVoltage>1.0</currentVoltage>
    <maxPowerTransport>Infinity</maxPowerTransport>
    <nominalVoltage>1.0</nominalVoltage>
    <powerConsumption>0.0</powerConsumption>
    <powerDemand>0.0</powerDemand>
    <powerLineCharge>0.0</powerLineCharge>
    <powerProduction>0.0</powerProduction>
    <powerProductionOptimal>0.0</powerProductionOptimal>
    <resistance>0.0</resistance>
    <transportPowerDecrement>0.0</transportPowerDecrement>
    <voltageAngle>0.0</voltageAngle>
  </SPLINE>
  <SPLINE>
    <X>19</X>
    <Y>6</Y>
    <currentCurrent>0.0</currentCurrent>
    <currentPowerLoss>0.0</currentPowerLoss>
    <currentPowerTransport>0.0</currentPowerTransport>
    <currentVoltage>1.0</currentVoltage>
    <maxPowerTransport>Infinity</maxPowerTransport>
    <nominalVoltage>1.0</nominalVoltage>
    <powerConsumption>0.0</powerConsumption>
    <powerDemand>0.0</powerDemand>
    <powerLineCharge>0.0</powerLineCharge>
    <powerProduction>0.0</powerProduction>
    <powerProductionOptimal>0.0</powerProductionOptimal>
    <resistance>0.0</resistance>
    <transportPowerDecrement>0.0</transportPowerDecrement>
    <voltageAngle>0.0</voltageAngle>
  </SPLINE>
  <SPLINE>
    <X>16</X>
    <Y>9</Y>
    <currentCurrent>0.0</currentCurrent>
    <currentPowerLoss>0.0</currentPowerLoss>
    <currentPowerTransport>0.0</currentPowerTransport>
    <currentVoltage>1.0</currentVoltage>
    <maxPowerTransport>Infinity</maxPowerTransport>
    <nominalVoltage>1.0</nominalVoltage>
    <powerConsumption>0.0</powerConsumption>
    <powerDemand>0.0</powerDemand>
    <powerLineCharge>0.0</powerLineCharge>
    <powerProduction>0.0</powerProduction>
    <powerProductionOptimal>0.0</powerProductionOptimal>
    <resistance>0.0</resistance>
    <transportPowerDecrement>0.0</transportPowerDecrement>
    <voltageAngle>0.0</voltageAngle>
  </SPLINE>
  <SPLINE>
    <X>17</X>
    <Y>9</Y>
    <currentCurrent>0.0</currentCurrent>
    <currentPowerLoss>0.0</currentPowerLoss>
    <currentPowerTransport>0.0</currentPowerTransport>
    <currentVoltage>1.0</currentVoltage>
    <maxPowerTransport>Infinity</maxPowerTransport>
    <nominalVoltage>1.0</nominalVoltage>
    <powerConsumption>0.0</powerConsumption>
    <powerDemand>0.0</powerDemand>
    <powerLineCharge>0.0</powerLineCharge>
    <powerProduction>0.0</powerProduction>
    <powerProductionOptimal>0.0</powerProductionOptimal>
    <resistance>0.0</resistance>
    <transportPowerDecrement>0.0</transportPowerDecrement>
    <voltageAngle>0.0</voltageAngle>
  </SPLINE>
  <SPLINE>
    <X>16</X>
    <Y>10</Y>
    <currentCurrent>0.0</currentCurrent>
    <currentPowerLoss>0.0</currentPowerLoss>
    <currentPowerTransport>0.0</currentPowerTransport>
    <currentVoltage>1.0</currentVoltage>
    <maxPowerTransport>Infinity</maxPowerTransport>
    <nominalVoltage>1.0</nominalVoltage>
    <powerConsumption>0.0</powerConsumption>
    <powerDemand>0.0</powerDemand>
    <powerLineCharge>0.0</powerLineCharge>
    <powerProduction>0.0</powerProduction>
    <powerProductionOptimal>0.0</powerProductionOptimal>
    <resistance>0.0</resistance>
    <transportPowerDecrement>0.0</transportPowerDecrement>
    <voltageAngle>0.0</voltageAngle>
  </SPLINE>
  <SPLINE>
    <X>15</X>
    <Y>10</Y>
    <currentCurrent>0.0</currentCurrent>
    <currentPowerLoss>0.0</currentPowerLoss>
    <currentPowerTransport>0.0</currentPowerTransport>
    <currentVoltage>1.0</currentVoltage>
    <maxPowerTransport>Infinity</maxPowerTransport>
    <nominalVoltage>1.0</nominalVoltage>
    <powerConsumption>0.0</powerConsumption>
    <powerDemand>0.0</powerDemand>
    <powerLineCharge>0.0</powerLineCharge>
    <powerProduction>0.0</powerProduction>
    <powerProductionOptimal>0.0</powerProductionOptimal>
    <resistance>0.0</resistance>
    <transportPowerDecrement>0.0</transportPowerDecrement>
    <voltageAngle>0.0</voltageAngle>
  </SPLINE>
  <SPLINE>
    <X>16</X>
    <Y>11</Y>
    <currentCurrent>0.0</currentCurrent>
    <currentPowerLoss>0.0</currentPowerLoss>
    <currentPowerTransport>0.0</currentPowerTransport>
    <currentVoltage>1.0</currentVoltage>
    <maxPowerTransport>Infinity</maxPowerTransport>
    <nominalVoltage>1.0</nominalVoltage>
    <powerConsumption>0.0</powerConsumption>
    <powerDemand>0.0</powerDemand>
    <powerLineCharge>0.0</powerLineCharge>
    <powerProduction>0.0</powerProduction>
    <powerProductionOptimal>0.0</powerProductionOptimal>
    <resistance>0.0</resistance>
    <transportPowerDecrement>0.0</transportPowerDecrement>
    <voltageAngle>0.0</voltageAngle>
  </SPLINE>
  <SPLINE>
    <X>15</X>
    <Y>11</Y>
    <currentCurrent>0.0</currentCurrent>
    <currentPowerLoss>0.0</currentPowerLoss>
    <currentPowerTransport>0.0</currentPowerTransport>
    <currentVoltage>1.0</currentVoltage>
    <maxPowerTransport>Infinity</maxPowerTransport>
    <nominalVoltage>1.0</nominalVoltage>
    <powerConsumption>0.0</powerConsumption>
    <powerDemand>0.0</powerDemand>
    <powerLineCharge>0.0</powerLineCharge>
    <powerProduction>0.0</powerProduction>
    <powerProductionOptimal>0.0</powerProductionOptimal>
    <resistance>0.0</resistance>
    <transportPowerDecrement>0.0</transportPowerDecrement>
    <voltageAngle>0.0</voltageAngle>
  </SPLINE>
  <SPLINE>
    <X>14</X>
    <Y>11</Y>
    <currentCurrent>0.0</currentCurrent>
    <currentPowerLoss>0.0</currentPowerLoss>
    <currentPowerTransport>0.0</currentPowerTransport>
    <currentVoltage>1.0</currentVoltage>
    <maxPowerTransport>Infinity</maxPowerTransport>
    <nominalVoltage>1.0</nominalVoltage>
    <powerConsumption>0.0</powerConsumption>
    <powerDemand>0.0</powerDemand>
    <powerLineCharge>0.0</powerLineCharge>
    <powerProduction>0.0</powerProduction>
    <powerProductionOptimal>0.0</powerProductionOptimal>
    <resistance>0.0</resistance>
    <transportPowerDecrement>0.0</transportPowerDecrement>
    <voltageAngle>0.0</voltageAngle>
  </SPLINE>
  <SPLINE>
    <X>16</X>
    <Y>12</Y>
    <currentCurrent>0.0</currentCurrent>
    <currentPowerLoss>0.0</currentPowerLoss>
    <currentPowerTransport>0.0</currentPowerTransport>
    <currentVoltage>1.0</currentVoltage>
    <maxPowerTransport>Infinity</maxPowerTransport>
    <nominalVoltage>1.0</nominalVoltage>
    <powerConsumption>0.0</powerConsumption>
    <powerDemand>0.0</powerDemand>
    <powerLineCharge>0.0</powerLineCharge>
    <powerProduction>0.0</powerProduction>
    <powerProductionOptimal>0.0</powerProductionOptimal>
    <resistance>0.0</resistance>
    <transportPowerDecrement>0.0</transportPowerDecrement>
    <voltageAngle>0.0</voltageAngle>
  </SPLINE>
  <SPLINE>
    <X>15</X>
    <Y>12</Y>
    <currentCurrent>0.0</currentCurrent>
    <currentPowerLoss>0.0</currentPowerLoss>
    <currentPowerTransport>0.0</currentPowerTransport>
    <currentVoltage>1.0</currentVoltage>
    <maxPowerTransport>Infinity</maxPowerTransport>
    <nominalVoltage>1.0</nominalVoltage>
    <powerConsumption>0.0</powerConsumption>
    <powerDemand>0.0</powerDemand>
    <powerLineCharge>0.0</powerLineCharge>
    <powerProduction>0.0</powerProduction>
    <powerProductionOptimal>0.0</powerProductionOptimal>
    <resistance>0.0</resistance>
    <transportPowerDecrement>0.0</transportPowerDecrement>
    <voltageAngle>0.0</voltageAngle>
  </SPLINE>
  <SPLINE>
    <X>14</X>
    <Y>12</Y>
    <currentCurrent>0.0</currentCurrent>
    <currentPowerLoss>0.0</currentPowerLoss>
    <currentPowerTransport>0.0</currentPowerTransport>
    <currentVoltage>1.0</currentVoltage>
    <maxPowerTransport>Infinity</maxPowerTransport>
    <nominalVoltage>1.0</nominalVoltage>
    <powerConsumption>0.0</powerConsumption>
    <powerDemand>0.0</powerDemand>
    <powerLineCharge>0.0</powerLineCharge>
    <powerProduction>0.0</powerProduction>
    <powerProductionOptimal>0.0</powerProductionOptimal>
    <resistance>0.0</resistance>
    <transportPowerDecrement>0.0</transportPowerDecrement>
    <voltageAngle>0.0</voltageAngle>
  </SPLINE>
  <SPLINE>
    <X>17</X>
    <Y>6</Y>
    <currentCurrent>0.0</currentCurrent>
    <currentPowerLoss>0.0</currentPowerLoss>
    <currentPowerTransport>0.0</currentPowerTransport>
    <currentVoltage>1.0</currentVoltage>
    <maxPowerTransport>Infinity</maxPowerTransport>
    <nominalVoltage>1.0</nominalVoltage>
    <powerConsumption>0.0</powerConsumption>
    <powerDemand>0.0</powerDemand>
    <powerLineCharge>0.0</powerLineCharge>
    <powerProduction>0.0</powerProduction>
    <powerProductionOptimal>0.0</powerProductionOptimal>
    <resistance>0.0</resistance>
    <transportPowerDecrement>0.0</transportPowerDecrement>
    <voltageAngle>0.0</voltageAngle>
  </SPLINE>
  <SPLINE>
    <X>17</X>
    <Y>11</Y>
    <currentCurrent>0.0</currentCurrent>
    <currentPowerLoss>0.0</currentPowerLoss>
    <currentPowerTransport>0.0</currentPowerTransport>
    <currentVoltage>1.0</currentVoltage>
    <maxPowerTransport>Infinity</maxPowerTransport>
    <nominalVoltage>1.0</nominalVoltage>
    <powerConsumption>0.0</powerConsumption>
    <powerDemand>0.0</powerDemand>
    <powerLineCharge>0.0</powerLineCharge>
    <powerProduction>0.0</powerProduction>
    <powerProductionOptimal>0.0</powerProductionOptimal>
    <resistance>0.0</resistance>
    <transportPowerDecrement>0.0</transportPowerDecrement>
    <voltageAngle>0.0</voltageAngle>
  </SPLINE>
  <SPLINE>
    <X>16</X>
    <Y>13</Y>
    <currentCurrent>0.0</currentCurrent>
    <currentPowerLoss>0.0</currentPowerLoss>
    <currentPowerTransport>0.0</currentPowerTransport>
    <currentVoltage>1.0</currentVoltage>
    <maxPowerTransport>Infinity</maxPowerTransport>
    <nominalVoltage>1.0</nominalVoltage>
    <powerConsumption>0.0</powerConsumption>
    <powerDemand>0.0</powerDemand>
    <powerLineCharge>0.0</powerLineCharge>
    <powerProduction>0.0</powerProduction>
    <powerProductionOptimal>0.0</powerProductionOptimal>
    <resistance>0.0</resistance>
    <transportPowerDecrement>0.0</transportPowerDecrement>
    <voltageAngle>0.0</voltageAngle>
  </SPLINE>
  <SPLINE>
    <X>17</X>
    <Y>13</Y>
    <currentCurrent>0.0</currentCurrent>
    <currentPowerLoss>0.0</currentPowerLoss>
    <currentPowerTransport>0.0</currentPowerTransport>
    <currentVoltage>1.0</currentVoltage>
    <maxPowerTransport>Infinity</maxPowerTransport>
    <nominalVoltage>1.0</nominalVoltage>
    <powerConsumption>0.0</powerConsumption>
    <powerDemand>0.0</powerDemand>
    <powerLineCharge>0.0</powerLineCharge>
    <powerProduction>0.0</powerProduction>
    <powerProductionOptimal>0.0</powerProductionOptimal>
    <resistance>0.0</resistance>
    <transportPowerDecrement>0.0</transportPowerDecrement>
    <voltageAngle>0.0</voltageAngle>
  </SPLINE>
  <SPLINE>
    <X>18</X>
    <Y>13</Y>
    <currentCurrent>0.0</currentCurrent>
    <currentPowerLoss>0.0</currentPowerLoss>
    <currentPowerTransport>0.0</currentPowerTransport>
    <currentVoltage>1.0</currentVoltage>
    <maxPowerTransport>Infinity</maxPowerTransport>
    <nominalVoltage>1.0</nominalVoltage>
    <powerConsumption>0.0</powerConsumption>
    <powerDemand>0.0</powerDemand>
    <powerLineCharge>0.0</powerLineCharge>
    <powerProduction>0.0</powerProduction>
    <powerProductionOptimal>0.0</powerProductionOptimal>
    <resistance>0.0</resistance>
    <transportPowerDecrement>0.0</transportPowerDecrement>
    <voltageAngle>0.0</voltageAngle>
  </SPLINE>
  <CUSTOM_CONSUMER>
    <X>19</X>
    <Y>13</Y>
    <currentCurrent>0.0</currentCurrent>
    <currentPowerLoss>0.0</currentPowerLoss>
    <currentPowerTransport>0.0</currentPowerTransport>
    <currentVoltage>1.0</currentVoltage>
    <maxPowerTransport>0.0</maxPowerTransport>
    <nominalVoltage>1.0</nominalVoltage>
    <powerConsumption>72021.7575</powerConsumption>
    <powerDemand>72021.7575</powerDemand>
    <powerLineCharge>0.0</powerLineCharge>
    <powerProduction>0.0</powerProduction>
    <powerProductionOptimal>0.0</powerProductionOptimal>
    <resistance>0.0</resistance>
    <transportPowerDecrement>0.0</transportPowerDecrement>
    <voltageAngle>0.0</voltageAngle>
    <model name="ResidentialAverageLoadCurveModel">
      <annualEnergyConsumption>623700.0</annualEnergyConsumption>
      <powerDemand>72021.7575</powerDemand>
    </model>
  </CUSTOM_CONSUMER>
  <SPLINE>
    <X>16</X>
    <Y>14</Y>
    <currentCurrent>0.0</currentCurrent>
    <currentPowerLoss>0.0</currentPowerLoss>
    <currentPowerTransport>0.0</currentPowerTransport>
    <currentVoltage>1.0</currentVoltage>
    <maxPowerTransport>Infinity</maxPowerTransport>
    <nominalVoltage>1.0</nominalVoltage>
    <powerConsumption>0.0</powerConsumption>
    <powerDemand>0.0</powerDemand>
    <powerLineCharge>0.0</powerLineCharge>
    <powerProduction>0.0</powerProduction>
    <powerProductionOptimal>0.0</powerProductionOptimal>
    <resistance>0.0</resistance>
    <transportPowerDecrement>0.0</transportPowerDecrement>
    <voltageAngle>0.0</voltageAngle>
  </SPLINE>
  <SPLINE>
    <X>15</X>
    <Y>14</Y>
    <currentCurrent>0.0</currentCurrent>
    <currentPowerLoss>0.0</currentPowerLoss>
    <currentPowerTransport>0.0</currentPowerTransport>
    <currentVoltage>1.0</currentVoltage>
    <maxPowerTransport>Infinity</maxPowerTransport>
    <nominalVoltage>1.0</nominalVoltage>
    <powerConsumption>0.0</powerConsumption>
    <powerDemand>0.0</powerDemand>
    <powerLineCharge>0.0</powerLineCharge>
    <powerProduction>0.0</powerProduction>
    <powerProductionOptimal>0.0</powerProductionOptimal>
    <resistance>0.0</resistance>
    <transportPowerDecrement>0.0</transportPowerDecrement>
    <voltageAngle>0.0</voltageAngle>
  </SPLINE>
  <SPLINE>
    <X>16</X>
    <Y>15</Y>
    <currentCurrent>0.0</currentCurrent>
    <currentPowerLoss>0.0</currentPowerLoss>
    <currentPowerTransport>0.0</currentPowerTransport>
    <currentVoltage>1.0</currentVoltage>
    <maxPowerTransport>Infinity</maxPowerTransport>
    <nominalVoltage>1.0</nominalVoltage>
    <powerConsumption>0.0</powerConsumption>
    <powerDemand>0.0</powerDemand>
    <powerLineCharge>0.0</powerLineCharge>
    <powerProduction>0.0</powerProduction>
    <powerProductionOptimal>0.0</powerProductionOptimal>
    <resistance>0.0</resistance>
    <transportPowerDecrement>0.0</transportPowerDecrement>
    <voltageAngle>0.0</voltageAngle>
  </SPLINE>
  <SPLINE>
    <X>16</X>
    <Y>16</Y>
    <currentCurrent>0.0</currentCurrent>
    <currentPowerLoss>0.0</currentPowerLoss>
    <currentPowerTransport>0.0</currentPowerTransport>
    <currentVoltage>1.0</currentVoltage>
    <maxPowerTransport>Infinity</maxPowerTransport>
    <nominalVoltage>1.0</nominalVoltage>
    <powerConsumption>0.0</powerConsumption>
    <powerDemand>0.0</powerDemand>
    <powerLineCharge>0.0</powerLineCharge>
    <powerProduction>0.0</powerProduction>
    <powerProductionOptimal>0.0</powerProductionOptimal>
    <resistance>0.0</resistance>
    <transportPowerDecrement>0.0</transportPowerDecrement>
    <voltageAngle>0.0</voltageAngle>
  </SPLINE>
  <SOLAR_POWER_PLANT>
    <X>20</X>
    <Y>9</Y>
    <currentCurrent>0.0</currentCurrent>
    <currentPowerLoss>0.0</currentPowerLoss>
    <currentPowerTransport>0.0</currentPowerTransport>
    <currentVoltage>1.0</currentVoltage>
    <maxPowerTransport>0.0</maxPowerTransport>
    <nominalVoltage>1.0</nominalVoltage>
    <powerConsumption>0.0</powerConsumption>
    <powerDemand>0.0</powerDemand>
    <powerLineCharge>0.0</powerLineCharge>
    <powerProduction>256247.0152</powerProduction>
    <powerProductionOptimal>425250.0</powerProductionOptimal>
    <resistance>0.0</resistance>
    <transportPowerDecrement>0.0</transportPowerDecrement>
    <voltageAngle>0.0</voltageAngle>
    <model name="SolarPeakPowerModel">
      <efficiency>0.25</efficiency>
      <height>0.0</height>
      <latitude>41.72</latitude>
      <longitude>-74.0</longitude>
      <powerProduction>256247.0152341561</powerProduction>
      <powerProductionOptimal>425250.0</powerProductionOptimal>
      <squareMeters>1701.0</squareMeters>
    </model>
  </SOLAR_POWER_PLANT>
  <SOLAR_POWER_PLANT>
    <X>14</X>
    <Y>8</Y>
    <currentCurrent>0.0</currentCurrent>
    <currentPowerLoss>0.0</currentPowerLoss>
    <currentPowerTransport>0.0</currentPowerTransport>
    <currentVoltage>1.0</currentVoltage>
    <maxPowerTransport>0.0</maxPowerTransport>
    <nominalVoltage>1.0</nominalVoltage>
    <powerConsumption>0.0</powerConsumption>
    <powerDemand>0.0</powerDemand>
    <powerLineCharge>0.0</powerLineCharge>
    <powerProduction>153748.2091</powerProduction>
    <powerProductionOptimal>255150.0</powerProductionOptimal>
    <resistance>0.0</resistance>
    <transportPowerDecrement>0.0</transportPowerDecrement>
    <voltageAngle>0.0</voltageAngle>
    <model name="SolarPeakPowerModel">
      <efficiency>0.25</efficiency>
      <height>0.0</height>
      <latitude>41.72</latitude>
      <longitude>-74.0</longitude>
      <powerProduction>153748.20914049368</powerProduction>
      <powerProductionOptimal>255150.0</powerProductionOptimal>
      <squareMeters>1020.6</squareMeters>
    </model>
  </SOLAR_POWER_PLANT>
  <SOLAR_POWER_PLANT>
    <X>11</X>
    <Y>11</Y>
    <currentCurrent>0.0</currentCurrent>
    <currentPowerLoss>0.0</currentPowerLoss>
    <currentPowerTransport>0.0</currentPowerTransport>
    <currentVoltage>1.0</currentVoltage>
    <maxPowerTransport>0.0</maxPowerTransport>
    <nominalVoltage>1.0</nominalVoltage>
    <powerConsumption>0.0</powerConsumption>
    <powerDemand>0.0</powerDemand>
    <powerLineCharge>0.0</powerLineCharge>
    <powerProduction>153748.2091</powerProduction>
    <powerProductionOptimal>255150.0</powerProductionOptimal>
    <resistance>0.0</resistance>
    <transportPowerDecrement>0.0</transportPowerDecrement>
    <voltageAngle>0.0</voltageAngle>
    <model name="SolarPeakPowerModel">
      <efficiency>0.25</efficiency>
      <height>0.0</height>
      <latitude>41.72</latitude>
      <longitude>-74.0</longitude>
      <powerProduction>153748.20914049368</powerProduction>
      <powerProductionOptimal>255150.0</powerProductionOptimal>
      <squareMeters>1020.6</squareMeters>
    </model>
  </SOLAR_POWER_PLANT>
  <SOLAR_POWER_PLANT>
    <X>11</X>
    <Y>13</Y>
    <currentCurrent>0.0</currentCurrent>
    <currentPowerLoss>0.0</currentPowerLoss>
    <currentPowerTransport>0.0</currentPowerTransport>
    <currentVoltage>1.0</currentVoltage>
    <maxPowerTransport>0.0</maxPowerTransport>
    <nominalVoltage>1.0</nominalVoltage>
    <powerConsumption>0.0</powerConsumption>
    <powerDemand>0.0</powerDemand>
    <powerLineCharge>0.0</powerLineCharge>
    <powerProduction>153748.2091</powerProduction>
    <powerProductionOptimal>255150.0</powerProductionOptimal>
    <resistance>0.0</resistance>
    <transportPowerDecrement>0.0</transportPowerDecrement>
    <voltageAngle>0.0</voltageAngle>
    <model name="SolarPeakPowerModel">
      <efficiency>0.25</efficiency>
      <height>0.0</height>
      <latitude>41.72</latitude>
      <longitude>-74.0</longitude>
      <powerProduction>153748.20914049368</powerProduction>
      <powerProductionOptimal>255150.0</powerProductionOptimal>
      <squareMeters>1020.6</squareMeters>
    </model>
  </SOLAR_POWER_PLANT>
  <SOLAR_POWER_PLANT>
    <X>14</X>
    <Y>16</Y>
    <currentCurrent>0.0</currentCurrent>
    <currentPowerLoss>0.0</currentPowerLoss>
    <currentPowerTransport>0.0</currentPowerTransport>
    <currentVoltage>1.0</currentVoltage>
    <maxPowerTransport>0.0</maxPowerTransport>
    <nominalVoltage>1.0</nominalVoltage>
    <powerConsumption>0.0</powerConsumption>
    <powerDemand>0.0</powerDemand>
    <powerLineCharge>0.0</powerLineCharge>
    <powerProduction>318885.1745</powerProduction>
    <powerProductionOptimal>529200.0</powerProductionOptimal>
    <resistance>0.0</resistance>
    <transportPowerDecrement>0.0</transportPowerDecrement>
    <voltageAngle>0.0</voltageAngle>
    <model name="SolarPeakPowerModel">
      <efficiency>0.25</efficiency>
      <height>0.0</height>
      <latitude>41.72</latitude>
      <longitude>-74.0</longitude>
      <powerProduction>318885.1745136165</powerProduction>
      <powerProductionOptimal>529200.0</powerProductionOptimal>
      <squareMeters>2116.8</squareMeters>
    </model>
  </SOLAR_POWER_PLANT>
  <SOLAR_POWER_PLANT>
    <X>21</X>
    <Y>13</Y>
    <currentCurrent>0.0</currentCurrent>
    <currentPowerLoss>0.0</currentPowerLoss>
    <currentPowerTransport>0.0</currentPowerTransport>
    <currentVoltage>1.0</currentVoltage>
    <maxPowerTransport>0.0</maxPowerTransport>
    <nominalVoltage>1.0</nominalVoltage>
    <powerConsumption>0.0</powerConsumption>
    <powerDemand>0.0</powerDemand>
    <powerLineCharge>0.0</powerLineCharge>
    <powerProduction>375828.9557</powerProduction>
    <powerProductionOptimal>623700.0</powerProductionOptimal>
    <resistance>0.0</resistance>
    <transportPowerDecrement>0.0</transportPowerDecrement>
    <voltageAngle>0.0</voltageAngle>
    <model name="SolarPeakPowerModel">
      <efficiency>0.25</efficiency>
      <height>0.0</height>
      <latitude>41.72</latitude>
      <longitude>-74.0</longitude>
      <powerProduction>375828.95567676227</powerProduction>
      <powerProductionOptimal>623700.0</powerProductionOptimal>
      <squareMeters>2494.8</squareMeters>
    </model>
  </SOLAR_POWER_PLANT>
  <SOLAR_POWER_PLANT>
    <X>20</X>
    <Y>11</Y>
    <currentCurrent>0.0</currentCurrent>
    <currentPowerLoss>0.0</currentPowerLoss>
    <currentPowerTransport>0.0</currentPowerTransport>
    <currentVoltage>1.0</currentVoltage>
    <maxPowerTransport>0.0</maxPowerTransport>
    <nominalVoltage>1.0</nominalVoltage>
    <powerConsumption>0.0</powerConsumption>
    <powerDemand>0.0</powerDemand>
    <powerLineCharge>0.0</powerLineCharge>
    <powerProduction>358745.8213</powerProduction>
    <powerProductionOptimal>595350.0</powerProductionOptimal>
    <resistance>0.0</resistance>
    <transportPowerDecrement>0.0</transportPowerDecrement>
    <voltageAngle>0.0</voltageAngle>
    <model name="SolarPeakPowerModel">
      <efficiency>0.25</efficiency>
      <height>0.0</height>
      <latitude>41.72</latitude>
      <longitude>-74.0</longitude>
      <powerProduction>358745.82132781856</powerProduction>
      <powerProductionOptimal>595350.0</powerProductionOptimal>
      <squareMeters>2381.4</squareMeters>
    </model>
  </SOLAR_POWER_PLANT>
  <SOLAR_POWER_PLANT>
    <X>19</X>
    <Y>16</Y>
    <currentCurrent>0.0</currentCurrent>
    <currentPowerLoss>0.0</currentPowerLoss>
    <currentPowerTransport>0.0</currentPowerTransport>
    <currentVoltage>1.0</currentVoltage>
    <maxPowerTransport>0.0</maxPowerTransport>
    <nominalVoltage>1.0</nominalVoltage>
    <powerConsumption>0.0</powerConsumption>
    <powerDemand>0.0</powerDemand>
    <powerLineCharge>0.0</powerLineCharge>
    <powerProduction>432772.7368</powerProduction>
    <powerProductionOptimal>718200.0</powerProductionOptimal>
    <resistance>0.0</resistance>
    <transportPowerDecrement>0.0</transportPowerDecrement>
    <voltageAngle>0.0</voltageAngle>
    <model name="SolarPeakPowerModel">
      <efficiency>0.25</efficiency>
      <height>0.0</height>
      <latitude>41.72</latitude>
      <longitude>-74.0</longitude>
      <powerProduction>432772.73683990806</powerProduction>
      <powerProductionOptimal>718200.0</powerProductionOptimal>
      <squareMeters>2872.8</squareMeters>
    </model>
  </SOLAR_POWER_PLANT>
  <SPLINE>
    <X>14</X>
    <Y>15</Y>
    <currentCurrent>0.0</currentCurrent>
    <currentPowerLoss>0.0</currentPowerLoss>
    <currentPowerTransport>0.0</currentPowerTransport>
    <currentVoltage>1.0</currentVoltage>
    <maxPowerTransport>Infinity</maxPowerTransport>
    <nominalVoltage>1.0</nominalVoltage>
    <powerConsumption>0.0</powerConsumption>
    <powerDemand>0.0</powerDemand>
    <powerLineCharge>0.0</powerLineCharge>
    <powerProduction>0.0</powerProduction>
    <powerProductionOptimal>0.0</powerProductionOptimal>
    <resistance>0.0</resistance>
    <transportPowerDecrement>0.0</transportPowerDecrement>
    <voltageAngle>0.0</voltageAngle>
  </SPLINE>
  <SPLINE>
    <X>18</X>
    <Y>16</Y>
    <currentCurrent>0.0</currentCurrent>
    <currentPowerLoss>0.0</currentPowerLoss>
    <currentPowerTransport>0.0</currentPowerTransport>
    <currentVoltage>1.0</currentVoltage>
    <maxPowerTransport>Infinity</maxPowerTransport>
    <nominalVoltage>1.0</nominalVoltage>
    <powerConsumption>0.0</powerConsumption>
    <powerDemand>0.0</powerDemand>
    <powerLineCharge>0.0</powerLineCharge>
    <powerProduction>0.0</powerProduction>
    <powerProductionOptimal>0.0</powerProductionOptimal>
    <resistance>0.0</resistance>
    <transportPowerDecrement>0.0</transportPowerDecrement>
    <voltageAngle>0.0</voltageAngle>
  </SPLINE>
  <SPLINE>
    <X>20</X>
    <Y>13</Y>
    <currentCurrent>0.0</currentCurrent>
    <currentPowerLoss>0.0</currentPowerLoss>
    <currentPowerTransport>0.0</currentPowerTransport>
    <currentVoltage>1.0</currentVoltage>
    <maxPowerTransport>Infinity</maxPowerTransport>
    <nominalVoltage>1.0</nominalVoltage>
    <powerConsumption>0.0</powerConsumption>
    <powerDemand>0.0</powerDemand>
    <powerLineCharge>0.0</powerLineCharge>
    <powerProduction>0.0</powerProduction>
    <powerProductionOptimal>0.0</powerProductionOptimal>
    <resistance>0.0</resistance>
    <transportPowerDecrement>0.0</transportPowerDecrement>
    <voltageAngle>0.0</voltageAngle>
  </SPLINE>
  <SPLINE>
    <X>19</X>
    <Y>11</Y>
    <currentCurrent>0.0</currentCurrent>
    <currentPowerLoss>0.0</currentPowerLoss>
    <currentPowerTransport>0.0</currentPowerTransport>
    <currentVoltage>1.0</currentVoltage>
    <maxPowerTransport>Infinity</maxPowerTransport>
    <nominalVoltage>1.0</nominalVoltage>
    <powerConsumption>0.0</powerConsumption>
    <powerDemand>0.0</powerDemand>
    <powerLineCharge>0.0</powerLineCharge>
    <powerProduction>0.0</powerProduction>
    <powerProductionOptimal>0.0</powerProductionOptimal>
    <resistance>0.0</resistance>
    <transportPowerDecrement>0.0</transportPowerDecrement>
    <voltageAngle>0.0</voltageAngle>
  </SPLINE>
  <SPLINE>
    <X>19</X>
    <Y>9</Y>
    <currentCurrent>0.0</currentCurrent>
    <currentPowerLoss>0.0</currentPowerLoss>
    <currentPowerTransport>0.0</currentPowerTransport>
    <currentVoltage>1.0</currentVoltage>
    <maxPowerTransport>Infinity</maxPowerTransport>
    <nominalVoltage>1.0</nominalVoltage>
    <powerConsumption>0.0</powerConsumption>
    <powerDemand>0.0</powerDemand>
    <powerLineCharge>0.0</powerLineCharge>
    <powerProduction>0.0</powerProduction>
    <powerProductionOptimal>0.0</powerProductionOptimal>
    <resistance>0.0</resistance>
    <transportPowerDecrement>0.0</transportPowerDecrement>
    <voltageAngle>0.0</voltageAngle>
  </SPLINE>
  <SPLINE>
    <X>14</X>
    <Y>9</Y>
    <currentCurrent>0.0</currentCurrent>
    <currentPowerLoss>0.0</currentPowerLoss>
    <currentPowerTransport>0.0</currentPowerTransport>
    <currentVoltage>1.0</currentVoltage>
    <maxPowerTransport>Infinity</maxPowerTransport>
    <nominalVoltage>1.0</nominalVoltage>
    <powerConsumption>0.0</powerConsumption>
    <powerDemand>0.0</powerDemand>
    <powerLineCharge>0.0</powerLineCharge>
    <powerProduction>0.0</powerProduction>
    <powerProductionOptimal>0.0</powerProductionOptimal>
    <resistance>0.0</resistance>
    <transportPowerDecrement>0.0</transportPowerDecrement>
    <voltageAngle>0.0</voltageAngle>
  </SPLINE>
  <SPLINE>
    <X>12</X>
    <Y>11</Y>
    <currentCurrent>0.0</currentCurrent>
    <currentPowerLoss>0.0</currentPowerLoss>
    <currentPowerTransport>0.0</currentPowerTransport>
    <currentVoltage>1.0</currentVoltage>
    <maxPowerTransport>Infinity</maxPowerTransport>
    <nominalVoltage>1.0</nominalVoltage>
    <powerConsumption>0.0</powerConsumption>
    <powerDemand>0.0</powerDemand>
    <powerLineCharge>0.0</powerLineCharge>
    <powerProduction>0.0</powerProduction>
    <powerProductionOptimal>0.0</powerProductionOptimal>
    <resistance>0.0</resistance>
    <transportPowerDecrement>0.0</transportPowerDecrement>
    <voltageAngle>0.0</voltageAngle>
  </SPLINE>
  <SPLINE>
    <X>13</X>
    <Y>13</Y>
    <currentCurrent>0.0</currentCurrent>
    <currentPowerLoss>0.0</currentPowerLoss>
    <currentPowerTransport>0.0</currentPowerTransport>
    <currentVoltage>1.0</currentVoltage>
    <maxPowerTransport>Infinity</maxPowerTransport>
    <nominalVoltage>1.0</nominalVoltage>
    <powerConsumption>0.0</powerConsumption>
    <powerDemand>0.0</powerDemand>
    <powerLineCharge>0.0</powerLineCharge>
    <powerProduction>0.0</powerProduction>
    <powerProductionOptimal>0.0</powerProductionOptimal>
    <resistance>0.0</resistance>
    <transportPowerDecrement>0.0</transportPowerDecrement>
    <voltageAngle>0.0</voltageAngle>
  </SPLINE>
  <SPLINE>
    <X>12</X>
    <Y>13</Y>
    <currentCurrent>0.0</currentCurrent>
    <currentPowerLoss>0.0</currentPowerLoss>
    <currentPowerTransport>0.0</currentPowerTransport>
    <currentVoltage>1.0</currentVoltage>
    <maxPowerTransport>Infinity</maxPowerTransport>
    <nominalVoltage>1.0</nominalVoltage>
    <powerConsumption>0.0</powerConsumption>
    <powerDemand>0.0</powerDemand>
    <powerLineCharge>0.0</powerLineCharge>
    <powerProduction>0.0</powerProduction>
    <powerProductionOptimal>0.0</powerProductionOptimal>
    <resistance>0.0</resistance>
    <transportPowerDecrement>0.0</transportPowerDecrement>
    <voltageAngle>0.0</voltageAngle>
  </SPLINE>
</root>
