<?xml version="1.0" encoding="UTF-8"?>

<root>
  <PLINE>
    <X>9</X>
    <Y>8</Y>
    <currentCurrent>0.028,-0.0028</currentCurrent>
    <currentPowerLoss>7.9E-4</currentPowerLoss>
    <currentPowerTransport>0.28,0.028</currentPowerTransport>
    <currentVoltage>0.028,-0.0028</currentVoltage>
    <maxPowerTransport>10000.0</maxPowerTransport>
    <nominalVoltage>1.0</nominalVoltage>
    <powerConsumption>0.0</powerConsumption>
    <powerDemand>0.0</powerDemand>
    <powerLineCharge>0.223</powerLineCharge>
    <powerProduction>0.0</powerProduction>
    <powerProductionNeeded>0.0</powerProductionNeeded>
    <powerProductionOptimal>0.0</powerProductionOptimal>
    <resistance>0.054</resistance>
    <transportPowerDecrement>0.01</transportPowerDecrement>
    <voltageAngle>-5.711</voltageAngle>
  </PLINE>
  <SPLINE>
    <X>9</X>
    <Y>5</Y>
    <currentCurrent>0.0</currentCurrent>
    <currentPowerLoss>0.0</currentPowerLoss>
    <currentPowerTransport>0.0</currentPowerTransport>
    <currentVoltage>1.0</currentVoltage>
    <maxPowerTransport>Infinity</maxPowerTransport>
    <nominalVoltage>1.0</nominalVoltage>
    <powerConsumption>0.0</powerConsumption>
    <powerDemand>0.0</powerDemand>
    <powerLineCharge>0.0</powerLineCharge>
    <powerProduction>0.0</powerProduction>
    <powerProductionNeeded>0.0</powerProductionNeeded>
    <powerProductionOptimal>0.0</powerProductionOptimal>
    <resistance>0.0</resistance>
    <transportPowerDecrement>0.0</transportPowerDecrement>
    <voltageAngle>0.0</voltageAngle>
  </SPLINE>
  <SPLINE>
    <X>8</X>
    <Y>6</Y>
    <currentCurrent>0.0</currentCurrent>
    <currentPowerLoss>0.0</currentPowerLoss>
    <currentPowerTransport>0.0</currentPowerTransport>
    <currentVoltage>1.0</currentVoltage>
    <maxPowerTransport>Infinity</maxPowerTransport>
    <nominalVoltage>1.0</nominalVoltage>
    <powerConsumption>0.0</powerConsumption>
    <powerDemand>0.0</powerDemand>
    <powerLineCharge>0.0</powerLineCharge>
    <powerProduction>0.0</powerProduction>
    <powerProductionNeeded>0.0</powerProductionNeeded>
    <powerProductionOptimal>0.0</powerProductionOptimal>
    <resistance>0.0</resistance>
    <transportPowerDecrement>0.0</transportPowerDecrement>
    <voltageAngle>0.0</voltageAngle>
  </SPLINE>
  <SPLINE>
    <X>8</X>
    <Y>7</Y>
    <currentCurrent>0.0</currentCurrent>
    <currentPowerLoss>0.0</currentPowerLoss>
    <currentPowerTransport>0.0</currentPowerTransport>
    <currentVoltage>1.0</currentVoltage>
    <maxPowerTransport>Infinity</maxPowerTransport>
    <nominalVoltage>1.0</nominalVoltage>
    <powerConsumption>0.0</powerConsumption>
    <powerDemand>0.0</powerDemand>
    <powerLineCharge>0.0</powerLineCharge>
    <powerProduction>0.0</powerProduction>
    <powerProductionNeeded>0.0</powerProductionNeeded>
    <powerProductionOptimal>0.0</powerProductionOptimal>
    <resistance>0.0</resistance>
    <transportPowerDecrement>0.0</transportPowerDecrement>
    <voltageAngle>0.0</voltageAngle>
  </SPLINE>
  <SPLINE>
    <X>8</X>
    <Y>5</Y>
    <currentCurrent>0.0</currentCurrent>
    <currentPowerLoss>0.0</currentPowerLoss>
    <currentPowerTransport>0.0</currentPowerTransport>
    <currentVoltage>1.0</currentVoltage>
    <maxPowerTransport>Infinity</maxPowerTransport>
    <nominalVoltage>1.0</nominalVoltage>
    <powerConsumption>0.0</powerConsumption>
    <powerDemand>0.0</powerDemand>
    <powerLineCharge>0.0</powerLineCharge>
    <powerProduction>0.0</powerProduction>
    <powerProductionNeeded>0.0</powerProductionNeeded>
    <powerProductionOptimal>0.0</powerProductionOptimal>
    <resistance>0.0</resistance>
    <transportPowerDecrement>0.0</transportPowerDecrement>
    <voltageAngle>0.0</voltageAngle>
  </SPLINE>
  <SPLINE>
    <X>8</X>
    <Y>8</Y>
    <currentCurrent>0.0</currentCurrent>
    <currentPowerLoss>0.0</currentPowerLoss>
    <currentPowerTransport>0.0</currentPowerTransport>
    <currentVoltage>1.0</currentVoltage>
    <maxPowerTransport>Infinity</maxPowerTransport>
    <nominalVoltage>1.0</nominalVoltage>
    <powerConsumption>0.0</powerConsumption>
    <powerDemand>0.0</powerDemand>
    <powerLineCharge>0.0</powerLineCharge>
    <powerProduction>0.0</powerProduction>
    <powerProductionNeeded>0.0</powerProductionNeeded>
    <powerProductionOptimal>0.0</powerProductionOptimal>
    <resistance>0.0</resistance>
    <transportPowerDecrement>0.0</transportPowerDecrement>
    <voltageAngle>0.0</voltageAngle>
  </SPLINE>
  <SPLINE>
    <X>10</X>
    <Y>8</Y>
    <currentCurrent>0.0</currentCurrent>
    <currentPowerLoss>0.0</currentPowerLoss>
    <currentPowerTransport>0.0</currentPowerTransport>
    <currentVoltage>0.972,0.0028</currentVoltage>
    <maxPowerTransport>Infinity</maxPowerTransport>
    <nominalVoltage>1.0</nominalVoltage>
    <powerConsumption>0.0</powerConsumption>
    <powerDemand>0.0</powerDemand>
    <powerLineCharge>0.0</powerLineCharge>
    <powerProduction>0.0</powerProduction>
    <powerProductionNeeded>0.0</powerProductionNeeded>
    <powerProductionOptimal>0.0</powerProductionOptimal>
    <resistance>0.0</resistance>
    <transportPowerDecrement>0.0</transportPowerDecrement>
    <voltageAngle>0.1650118449976771</voltageAngle>
  </SPLINE>
  <SPLINE>
    <X>15</X>
    <Y>6</Y>
    <currentCurrent>0.0</currentCurrent>
    <currentPowerLoss>0.0</currentPowerLoss>
    <currentPowerTransport>0.0</currentPowerTransport>
    <currentVoltage>0.9324,0.0133</currentVoltage>
    <maxPowerTransport>Infinity</maxPowerTransport>
    <nominalVoltage>1.0</nominalVoltage>
    <powerConsumption>0.0</powerConsumption>
    <powerDemand>0.0</powerDemand>
    <powerLineCharge>0.0</powerLineCharge>
    <powerProduction>0.0</powerProduction>
    <powerProductionNeeded>0.0</powerProductionNeeded>
    <powerProductionOptimal>0.0</powerProductionOptimal>
    <resistance>0.0</resistance>
    <transportPowerDecrement>0.0</transportPowerDecrement>
    <voltageAngle>0.8170378158565539</voltageAngle>
  </SPLINE>
  <SPLINE>
    <X>11</X>
    <Y>9</Y>
    <currentCurrent>0.0</currentCurrent>
    <currentPowerLoss>0.0</currentPowerLoss>
    <currentPowerTransport>0.0</currentPowerTransport>
    <currentVoltage>0.972,0.0028</currentVoltage>
    <maxPowerTransport>Infinity</maxPowerTransport>
    <nominalVoltage>1.0</nominalVoltage>
    <powerConsumption>0.0</powerConsumption>
    <powerDemand>0.0</powerDemand>
    <powerLineCharge>0.0</powerLineCharge>
    <powerProduction>0.0</powerProduction>
    <powerProductionNeeded>0.0</powerProductionNeeded>
    <powerProductionOptimal>0.0</powerProductionOptimal>
    <resistance>0.0</resistance>
    <transportPowerDecrement>0.0</transportPowerDecrement>
    <voltageAngle>0.1650118449976771</voltageAngle>
  </SPLINE>
  <CUSTOM_CONSUMER>
    <X>15</X>
    <Y>10</Y>
    <currentCurrent>0.0</currentCurrent>
    <currentPowerLoss>0.0</currentPowerLoss>
    <currentPowerTransport>0.0</currentPowerTransport>
    <currentVoltage>0.9324,0.0133</currentVoltage>
    <maxPowerTransport>0.0</maxPowerTransport>
    <nominalVoltage>1.0</nominalVoltage>
    <powerConsumption>0.67</powerConsumption>
    <powerDemand>0.67,0.056</powerDemand>
    <powerLineCharge>0.0</powerLineCharge>
    <powerProduction>0.0</powerProduction>
    <powerProductionNeeded>0.0</powerProductionNeeded>
    <powerProductionOptimal>0.0</powerProductionOptimal>
    <resistance>0.0</resistance>
    <transportPowerDecrement>0.0</transportPowerDecrement>
    <voltageAngle>0.8170378158565539</voltageAngle>
    <model name="ConstantDemandModel">
      <powerDemand>0.67,0.056</powerDemand>
    </model>
  </CUSTOM_CONSUMER>
  <SPLINE>
    <X>14</X>
    <Y>10</Y>
    <currentCurrent>0.0</currentCurrent>
    <currentPowerLoss>0.0</currentPowerLoss>
    <currentPowerTransport>0.0</currentPowerTransport>
    <currentVoltage>0.9324,0.0133</currentVoltage>
    <maxPowerTransport>Infinity</maxPowerTransport>
    <nominalVoltage>1.0</nominalVoltage>
    <powerConsumption>0.0</powerConsumption>
    <powerDemand>0.0</powerDemand>
    <powerLineCharge>0.0</powerLineCharge>
    <powerProduction>0.0</powerProduction>
    <powerProductionNeeded>0.0</powerProductionNeeded>
    <powerProductionOptimal>0.0</powerProductionOptimal>
    <resistance>0.0</resistance>
    <transportPowerDecrement>0.0</transportPowerDecrement>
    <voltageAngle>0.8170378158565539</voltageAngle>
  </SPLINE>
  <PLINE>
    <X>12</X>
    <Y>10</Y>
    <currentCurrent>0.0396,-0.0105</currentCurrent>
    <currentPowerLoss>0.00168</currentPowerLoss>
    <currentPowerTransport>0.38462,0.10317</currentPowerTransport>
    <currentVoltage>0.0396,-0.0105</currentVoltage>
    <maxPowerTransport>10000.0</maxPowerTransport>
    <nominalVoltage>1.0</nominalVoltage>
    <powerConsumption>0.0</powerConsumption>
    <powerDemand>0.0</powerDemand>
    <powerLineCharge>0.0421</powerLineCharge>
    <powerProduction>0.0</powerProduction>
    <powerProductionNeeded>0.0</powerProductionNeeded>
    <powerProductionOptimal>0.0</powerProductionOptimal>
    <resistance>0.0134</resistance>
    <transportPowerDecrement>0.01</transportPowerDecrement>
    <voltageAngle>-14.85</voltageAngle>
  </PLINE>
  <SPLINE>
    <X>11</X>
    <Y>10</Y>
    <currentCurrent>0.0</currentCurrent>
    <currentPowerLoss>0.0</currentPowerLoss>
    <currentPowerTransport>0.0</currentPowerTransport>
    <currentVoltage>0.972,0.0028</currentVoltage>
    <maxPowerTransport>Infinity</maxPowerTransport>
    <nominalVoltage>1.0</nominalVoltage>
    <powerConsumption>0.0</powerConsumption>
    <powerDemand>0.0</powerDemand>
    <powerLineCharge>0.0</powerLineCharge>
    <powerProduction>0.0</powerProduction>
    <powerProductionNeeded>0.0</powerProductionNeeded>
    <powerProductionOptimal>0.0</powerProductionOptimal>
    <resistance>0.0</resistance>
    <transportPowerDecrement>0.0</transportPowerDecrement>
    <voltageAngle>0.1650118449976771</voltageAngle>
  </SPLINE>
  <SPLINE>
    <X>13</X>
    <Y>10</Y>
    <currentCurrent>0.0</currentCurrent>
    <currentPowerLoss>0.0</currentPowerLoss>
    <currentPowerTransport>0.0</currentPowerTransport>
    <currentVoltage>0.9324,0.0133</currentVoltage>
    <maxPowerTransport>Infinity</maxPowerTransport>
    <nominalVoltage>1.0</nominalVoltage>
    <powerConsumption>0.0</powerConsumption>
    <powerDemand>0.0</powerDemand>
    <powerLineCharge>0.0</powerLineCharge>
    <powerProduction>0.0</powerProduction>
    <powerProductionNeeded>0.0</powerProductionNeeded>
    <powerProductionOptimal>0.0</powerProductionOptimal>
    <resistance>0.0</resistance>
    <transportPowerDecrement>0.0</transportPowerDecrement>
    <voltageAngle>0.8170378158565539</voltageAngle>
  </SPLINE>
  <SPLINE>
    <X>15</X>
    <Y>9</Y>
    <currentCurrent>0.0</currentCurrent>
    <currentPowerLoss>0.0</currentPowerLoss>
    <currentPowerTransport>0.0</currentPowerTransport>
    <currentVoltage>0.9324,0.0133</currentVoltage>
    <maxPowerTransport>Infinity</maxPowerTransport>
    <nominalVoltage>1.0</nominalVoltage>
    <powerConsumption>0.0</powerConsumption>
    <powerDemand>0.0</powerDemand>
    <powerLineCharge>0.0</powerLineCharge>
    <powerProduction>0.0</powerProduction>
    <powerProductionNeeded>0.0</powerProductionNeeded>
    <powerProductionOptimal>0.0</powerProductionOptimal>
    <resistance>0.0</resistance>
    <transportPowerDecrement>0.0</transportPowerDecrement>
    <voltageAngle>0.8170378158565539</voltageAngle>
  </SPLINE>
  <SPLINE>
    <X>15</X>
    <Y>8</Y>
    <currentCurrent>0.0</currentCurrent>
    <currentPowerLoss>0.0</currentPowerLoss>
    <currentPowerTransport>0.0</currentPowerTransport>
    <currentVoltage>0.9324,0.0133</currentVoltage>
    <maxPowerTransport>Infinity</maxPowerTransport>
    <nominalVoltage>1.0</nominalVoltage>
    <powerConsumption>0.0</powerConsumption>
    <powerDemand>0.0</powerDemand>
    <powerLineCharge>0.0</powerLineCharge>
    <powerProduction>0.0</powerProduction>
    <powerProductionNeeded>0.0</powerProductionNeeded>
    <powerProductionOptimal>0.0</powerProductionOptimal>
    <resistance>0.0</resistance>
    <transportPowerDecrement>0.0</transportPowerDecrement>
    <voltageAngle>0.8170378158565539</voltageAngle>
  </SPLINE>
  <SPLINE>
    <X>13</X>
    <Y>5</Y>
    <currentCurrent>0.0</currentCurrent>
    <currentPowerLoss>0.0</currentPowerLoss>
    <currentPowerTransport>0.0</currentPowerTransport>
    <currentVoltage>1.045</currentVoltage>
    <maxPowerTransport>Infinity</maxPowerTransport>
    <nominalVoltage>1.0</nominalVoltage>
    <powerConsumption>0.0</powerConsumption>
    <powerDemand>0.0</powerDemand>
    <powerLineCharge>0.0</powerLineCharge>
    <powerProduction>0.0</powerProduction>
    <powerProductionNeeded>0.0</powerProductionNeeded>
    <powerProductionOptimal>0.0</powerProductionOptimal>
    <resistance>0.0</resistance>
    <transportPowerDecrement>0.0</transportPowerDecrement>
    <voltageAngle>0.0</voltageAngle>
  </SPLINE>
  <CUSTOM_CONSUMER>
    <X>16</X>
    <Y>5</Y>
    <currentCurrent>0.0</currentCurrent>
    <currentPowerLoss>0.0</currentPowerLoss>
    <currentPowerTransport>0.0</currentPowerTransport>
    <currentVoltage>0.9324,0.0133</currentVoltage>
    <maxPowerTransport>0.0</maxPowerTransport>
    <nominalVoltage>1.0</nominalVoltage>
    <powerConsumption>0.0</powerConsumption>
    <powerDemand>1.3,0.27</powerDemand>
    <powerLineCharge>0.0</powerLineCharge>
    <powerProduction>0.0</powerProduction>
    <powerProductionNeeded>0.0</powerProductionNeeded>
    <powerProductionOptimal>0.0</powerProductionOptimal>
    <resistance>0.0</resistance>
    <transportPowerDecrement>0.0</transportPowerDecrement>
    <voltageAngle>0.8170378158565539</voltageAngle>
    <model name="ConstantDemandModel">
      <powerDemand>1.3,0.27</powerDemand>
    </model>
  </CUSTOM_CONSUMER>
  <SPLINE>
    <X>15</X>
    <Y>5</Y>
    <currentCurrent>0.0</currentCurrent>
    <currentPowerLoss>0.0</currentPowerLoss>
    <currentPowerTransport>0.0</currentPowerTransport>
    <currentVoltage>0.9324,0.0133</currentVoltage>
    <maxPowerTransport>Infinity</maxPowerTransport>
    <nominalVoltage>1.0</nominalVoltage>
    <powerConsumption>0.0</powerConsumption>
    <powerDemand>0.0</powerDemand>
    <powerLineCharge>0.0</powerLineCharge>
    <powerProduction>0.0</powerProduction>
    <powerProductionNeeded>0.0</powerProductionNeeded>
    <powerProductionOptimal>0.0</powerProductionOptimal>
    <resistance>0.0</resistance>
    <transportPowerDecrement>0.0</transportPowerDecrement>
    <voltageAngle>0.8170378158565539</voltageAngle>
  </SPLINE>
  <PLINE>
    <X>14</X>
    <Y>5</Y>
    <currentCurrent>0.1126,-0.0133</currentCurrent>
    <currentPowerLoss>0.01286</currentPowerLoss>
    <currentPowerTransport>1.17667,0.13898</currentPowerTransport>
    <currentVoltage>0.1126,-0.0133</currentVoltage>
    <maxPowerTransport>10000.0</maxPowerTransport>
    <nominalVoltage>1.0</nominalVoltage>
    <powerConsumption>0.0</powerConsumption>
    <powerDemand>0.0</powerDemand>
    <powerLineCharge>0.198</powerLineCharge>
    <powerProduction>0.0</powerProduction>
    <powerProductionNeeded>0.0</powerProductionNeeded>
    <powerProductionOptimal>0.0</powerProductionOptimal>
    <resistance>0.047</resistance>
    <transportPowerDecrement>0.01</transportPowerDecrement>
    <voltageAngle>-6.736</voltageAngle>
  </PLINE>
  <CUSTOM_CONSUMER>
    <X>10</X>
    <Y>10</Y>
    <currentCurrent>0.0</currentCurrent>
    <currentPowerLoss>0.0</currentPowerLoss>
    <currentPowerTransport>0.0</currentPowerTransport>
    <currentVoltage>0.972,0.0028</currentVoltage>
    <maxPowerTransport>0.0</maxPowerTransport>
    <nominalVoltage>1.0</nominalVoltage>
    <powerConsumption>0.1</powerConsumption>
    <powerDemand>0.1,0.022</powerDemand>
    <powerLineCharge>0.0</powerLineCharge>
    <powerProduction>0.0</powerProduction>
    <powerProductionNeeded>0.0</powerProductionNeeded>
    <powerProductionOptimal>0.0</powerProductionOptimal>
    <resistance>0.0</resistance>
    <transportPowerDecrement>0.0</transportPowerDecrement>
    <voltageAngle>0.1650118449976771</voltageAngle>
    <model name="ConstantDemandModel">
      <powerDemand>0.1,0.022</powerDemand>
    </model>
  </CUSTOM_CONSUMER>
  <SPLINE>
    <X>11</X>
    <Y>8</Y>
    <currentCurrent>0.0</currentCurrent>
    <currentPowerLoss>0.0</currentPowerLoss>
    <currentPowerTransport>0.0</currentPowerTransport>
    <currentVoltage>0.972,0.0028</currentVoltage>
    <maxPowerTransport>Infinity</maxPowerTransport>
    <nominalVoltage>1.0</nominalVoltage>
    <powerConsumption>0.0</powerConsumption>
    <powerDemand>0.0</powerDemand>
    <powerLineCharge>0.0</powerLineCharge>
    <powerProduction>0.0</powerProduction>
    <powerProductionNeeded>0.0</powerProductionNeeded>
    <powerProductionOptimal>0.0</powerProductionOptimal>
    <resistance>0.0</resistance>
    <transportPowerDecrement>0.0</transportPowerDecrement>
    <voltageAngle>0.1650118449976771</voltageAngle>
  </SPLINE>
  <CUSTOM_CONSUMER>
    <X>10</X>
    <Y>12</Y>
    <currentCurrent>0.0</currentCurrent>
    <currentPowerLoss>0.0</currentPowerLoss>
    <currentPowerTransport>0.0</currentPowerTransport>
    <currentVoltage>0.9208,-0.0044</currentVoltage>
    <maxPowerTransport>0.0</maxPowerTransport>
    <nominalVoltage>1.0</nominalVoltage>
    <powerConsumption>0.157</powerConsumption>
    <powerDemand>0.157,0.1</powerDemand>
    <powerLineCharge>0.0</powerLineCharge>
    <powerProduction>0.0</powerProduction>
    <powerProductionNeeded>0.0</powerProductionNeeded>
    <powerProductionOptimal>0.0</powerProductionOptimal>
    <resistance>0.0</resistance>
    <transportPowerDecrement>0.0</transportPowerDecrement>
    <voltageAngle>0.2738738260725335</voltageAngle>
    <model name="ConstantDemandModel">
      <powerDemand>0.157,0.1</powerDemand>
    </model>
  </CUSTOM_CONSUMER>
  <CUSTOM_CONSUMER>
    <X>8</X>
    <Y>15</Y>
    <currentCurrent>0.0</currentCurrent>
    <currentPowerLoss>0.0</currentPowerLoss>
    <currentPowerTransport>0.0</currentPowerTransport>
    <currentVoltage>0.8939,0.013</currentVoltage>
    <maxPowerTransport>0.0</maxPowerTransport>
    <nominalVoltage>1.0</nominalVoltage>
    <powerConsumption>0.085</powerConsumption>
    <powerDemand>0.085,0.022</powerDemand>
    <powerLineCharge>0.0</powerLineCharge>
    <powerProduction>0.0</powerProduction>
    <powerProductionNeeded>0.0</powerProductionNeeded>
    <powerProductionOptimal>0.0</powerProductionOptimal>
    <resistance>0.0</resistance>
    <transportPowerDecrement>0.0</transportPowerDecrement>
    <voltageAngle>0.833080634120217</voltageAngle>
    <model name="ConstantDemandModel">
      <powerDemand>0.085,0.022</powerDemand>
    </model>
  </CUSTOM_CONSUMER>
  <CUSTOM_CONSUMER>
    <X>12</X>
    <Y>16</Y>
    <currentCurrent>0.0</currentCurrent>
    <currentPowerLoss>0.0</currentPowerLoss>
    <currentPowerTransport>0.0</currentPowerTransport>
    <currentVoltage>0.9138,0.0079</currentVoltage>
    <maxPowerTransport>0.0</maxPowerTransport>
    <nominalVoltage>1.0</nominalVoltage>
    <powerConsumption>0.049</powerConsumption>
    <powerDemand>0.049,0.025</powerDemand>
    <powerLineCharge>0.0</powerLineCharge>
    <powerProduction>0.0</powerProduction>
    <powerProductionNeeded>0.0</powerProductionNeeded>
    <powerProductionOptimal>0.0</powerProductionOptimal>
    <resistance>0.0</resistance>
    <transportPowerDecrement>0.0</transportPowerDecrement>
    <voltageAngle>0.4956084927881621</voltageAngle>
    <model name="ConstantDemandModel">
      <powerDemand>0.049,0.025</powerDemand>
    </model>
  </CUSTOM_CONSUMER>
  <CUSTOM_CONSUMER>
    <X>9</X>
    <Y>19</Y>
    <currentCurrent>0.0</currentCurrent>
    <currentPowerLoss>0.0</currentPowerLoss>
    <currentPowerTransport>0.0</currentPowerTransport>
    <currentVoltage>0.8939,0.013</currentVoltage>
    <maxPowerTransport>0.0</maxPowerTransport>
    <nominalVoltage>1.0</nominalVoltage>
    <powerConsumption>0.19</powerConsumption>
    <powerDemand>0.19,0.08</powerDemand>
    <powerLineCharge>0.0</powerLineCharge>
    <powerProduction>0.0</powerProduction>
    <powerProductionNeeded>0.0</powerProductionNeeded>
    <powerProductionOptimal>0.0</powerProductionOptimal>
    <resistance>0.0</resistance>
    <transportPowerDecrement>0.0</transportPowerDecrement>
    <voltageAngle>0.833080634120217</voltageAngle>
    <model name="ConstantDemandModel">
      <powerDemand>0.19,0.08</powerDemand>
    </model>
  </CUSTOM_CONSUMER>
  <PLINE>
    <X>8</X>
    <Y>13</Y>
    <currentCurrent>0.0269,-0.0174</currentCurrent>
    <currentPowerLoss>0.00103</currentPowerLoss>
    <currentPowerTransport>0.24846,0.15904</currentPowerTransport>
    <currentVoltage>0.0269,-0.0174</currentVoltage>
    <maxPowerTransport>10000.0</maxPowerTransport>
    <nominalVoltage>1.0</nominalVoltage>
    <powerConsumption>0.0</powerConsumption>
    <powerDemand>0.0</powerDemand>
    <powerLineCharge>0.2558</powerLineCharge>
    <powerProduction>0.0</powerProduction>
    <powerProductionNeeded>0.0</powerProductionNeeded>
    <powerProductionOptimal>0.0</powerProductionOptimal>
    <resistance>0.1229</resistance>
    <transportPowerDecrement>0.01</transportPowerDecrement>
    <voltageAngle>-32.896</voltageAngle>
  </PLINE>
  <PLINE>
    <X>10</X>
    <Y>16</Y>
    <currentCurrent>0.0269,-0.0174</currentCurrent>
    <currentPowerLoss>0.00103</currentPowerLoss>
    <currentPowerTransport>0.24846,0.15904</currentPowerTransport>
    <currentVoltage>0.0269,-0.0174</currentVoltage>
    <maxPowerTransport>10000.0</maxPowerTransport>
    <nominalVoltage>1.0</nominalVoltage>
    <powerConsumption>0.0</powerConsumption>
    <powerDemand>0.0</powerDemand>
    <powerLineCharge>0.1303</powerLineCharge>
    <powerProduction>0.0</powerProduction>
    <powerProductionNeeded>0.0</powerProductionNeeded>
    <powerProductionOptimal>0.0</powerProductionOptimal>
    <resistance>0.0662</resistance>
    <transportPowerDecrement>0.01</transportPowerDecrement>
    <voltageAngle>-32.896</voltageAngle>
  </PLINE>
  <SPLINE>
    <X>8</X>
    <Y>14</Y>
    <currentCurrent>0.0</currentCurrent>
    <currentPowerLoss>0.0</currentPowerLoss>
    <currentPowerTransport>0.0</currentPowerTransport>
    <currentVoltage>0.8939,0.013</currentVoltage>
    <maxPowerTransport>Infinity</maxPowerTransport>
    <nominalVoltage>1.0</nominalVoltage>
    <powerConsumption>0.0</powerConsumption>
    <powerDemand>0.0</powerDemand>
    <powerLineCharge>0.0</powerLineCharge>
    <powerProduction>0.0</powerProduction>
    <powerProductionNeeded>0.0</powerProductionNeeded>
    <powerProductionOptimal>0.0</powerProductionOptimal>
    <resistance>0.0</resistance>
    <transportPowerDecrement>0.0</transportPowerDecrement>
    <voltageAngle>0.833080634120217</voltageAngle>
  </SPLINE>
  <SPLINE>
    <X>9</X>
    <Y>12</Y>
    <currentCurrent>0.0</currentCurrent>
    <currentPowerLoss>0.0</currentPowerLoss>
    <currentPowerTransport>0.0</currentPowerTransport>
    <currentVoltage>0.9208,-0.0044</currentVoltage>
    <maxPowerTransport>Infinity</maxPowerTransport>
    <nominalVoltage>1.0</nominalVoltage>
    <powerConsumption>0.0</powerConsumption>
    <powerDemand>0.0</powerDemand>
    <powerLineCharge>0.0</powerLineCharge>
    <powerProduction>0.0</powerProduction>
    <powerProductionNeeded>0.0</powerProductionNeeded>
    <powerProductionOptimal>0.0</powerProductionOptimal>
    <resistance>0.0</resistance>
    <transportPowerDecrement>0.0</transportPowerDecrement>
    <voltageAngle>0.2738738260725335</voltageAngle>
  </SPLINE>
  <SPLINE>
    <X>8</X>
    <Y>12</Y>
    <currentCurrent>0.0</currentCurrent>
    <currentPowerLoss>0.0</currentPowerLoss>
    <currentPowerTransport>0.0</currentPowerTransport>
    <currentVoltage>0.9208,-0.0044</currentVoltage>
    <maxPowerTransport>Infinity</maxPowerTransport>
    <nominalVoltage>1.0</nominalVoltage>
    <powerConsumption>0.0</powerConsumption>
    <powerDemand>0.0</powerDemand>
    <powerLineCharge>0.0</powerLineCharge>
    <powerProduction>0.0</powerProduction>
    <powerProductionNeeded>0.0</powerProductionNeeded>
    <powerProductionOptimal>0.0</powerProductionOptimal>
    <resistance>0.0</resistance>
    <transportPowerDecrement>0.0</transportPowerDecrement>
    <voltageAngle>0.2738738260725335</voltageAngle>
  </SPLINE>
  <SPLINE>
    <X>10</X>
    <Y>14</Y>
    <currentCurrent>0.0</currentCurrent>
    <currentPowerLoss>0.0</currentPowerLoss>
    <currentPowerTransport>0.0</currentPowerTransport>
    <currentVoltage>0.9208,-0.0044</currentVoltage>
    <maxPowerTransport>Infinity</maxPowerTransport>
    <nominalVoltage>1.0</nominalVoltage>
    <powerConsumption>0.0</powerConsumption>
    <powerDemand>0.0</powerDemand>
    <powerLineCharge>0.0</powerLineCharge>
    <powerProduction>0.0</powerProduction>
    <powerProductionNeeded>0.0</powerProductionNeeded>
    <powerProductionOptimal>0.0</powerProductionOptimal>
    <resistance>0.0</resistance>
    <transportPowerDecrement>0.0</transportPowerDecrement>
    <voltageAngle>0.2738738260725335</voltageAngle>
  </SPLINE>
  <SPLINE>
    <X>10</X>
    <Y>15</Y>
    <currentCurrent>0.0</currentCurrent>
    <currentPowerLoss>0.0</currentPowerLoss>
    <currentPowerTransport>0.0</currentPowerTransport>
    <currentVoltage>0.9208,-0.0044</currentVoltage>
    <maxPowerTransport>Infinity</maxPowerTransport>
    <nominalVoltage>1.0</nominalVoltage>
    <powerConsumption>0.0</powerConsumption>
    <powerDemand>0.0</powerDemand>
    <powerLineCharge>0.0</powerLineCharge>
    <powerProduction>0.0</powerProduction>
    <powerProductionNeeded>0.0</powerProductionNeeded>
    <powerProductionOptimal>0.0</powerProductionOptimal>
    <resistance>0.0</resistance>
    <transportPowerDecrement>0.0</transportPowerDecrement>
    <voltageAngle>0.2738738260725335</voltageAngle>
  </SPLINE>
  <SPLINE>
    <X>10</X>
    <Y>17</Y>
    <currentCurrent>0.0</currentCurrent>
    <currentPowerLoss>0.0</currentPowerLoss>
    <currentPowerTransport>0.0</currentPowerTransport>
    <currentVoltage>0.8939,0.013</currentVoltage>
    <maxPowerTransport>Infinity</maxPowerTransport>
    <nominalVoltage>1.0</nominalVoltage>
    <powerConsumption>0.0</powerConsumption>
    <powerDemand>0.0</powerDemand>
    <powerLineCharge>0.0</powerLineCharge>
    <powerProduction>0.0</powerProduction>
    <powerProductionNeeded>0.0</powerProductionNeeded>
    <powerProductionOptimal>0.0</powerProductionOptimal>
    <resistance>0.0</resistance>
    <transportPowerDecrement>0.0</transportPowerDecrement>
    <voltageAngle>0.833080634120217</voltageAngle>
  </SPLINE>
  <SPLINE>
    <X>9</X>
    <Y>17</Y>
    <currentCurrent>0.0</currentCurrent>
    <currentPowerLoss>0.0</currentPowerLoss>
    <currentPowerTransport>0.0</currentPowerTransport>
    <currentVoltage>0.8939,0.013</currentVoltage>
    <maxPowerTransport>Infinity</maxPowerTransport>
    <nominalVoltage>1.0</nominalVoltage>
    <powerConsumption>0.0</powerConsumption>
    <powerDemand>0.0</powerDemand>
    <powerLineCharge>0.0</powerLineCharge>
    <powerProduction>0.0</powerProduction>
    <powerProductionNeeded>0.0</powerProductionNeeded>
    <powerProductionOptimal>0.0</powerProductionOptimal>
    <resistance>0.0</resistance>
    <transportPowerDecrement>0.0</transportPowerDecrement>
    <voltageAngle>0.833080634120217</voltageAngle>
  </SPLINE>
  <SPLINE>
    <X>9</X>
    <Y>18</Y>
    <currentCurrent>0.0</currentCurrent>
    <currentPowerLoss>0.0</currentPowerLoss>
    <currentPowerTransport>0.0</currentPowerTransport>
    <currentVoltage>0.8939,0.013</currentVoltage>
    <maxPowerTransport>Infinity</maxPowerTransport>
    <nominalVoltage>1.0</nominalVoltage>
    <powerConsumption>0.0</powerConsumption>
    <powerDemand>0.0</powerDemand>
    <powerLineCharge>0.0</powerLineCharge>
    <powerProduction>0.0</powerProduction>
    <powerProductionNeeded>0.0</powerProductionNeeded>
    <powerProductionOptimal>0.0</powerProductionOptimal>
    <resistance>0.0</resistance>
    <transportPowerDecrement>0.0</transportPowerDecrement>
    <voltageAngle>0.833080634120217</voltageAngle>
  </SPLINE>
  <SPLINE>
    <X>8</X>
    <Y>17</Y>
    <currentCurrent>0.0</currentCurrent>
    <currentPowerLoss>0.0</currentPowerLoss>
    <currentPowerTransport>0.0</currentPowerTransport>
    <currentVoltage>0.8939,0.013</currentVoltage>
    <maxPowerTransport>Infinity</maxPowerTransport>
    <nominalVoltage>1.0</nominalVoltage>
    <powerConsumption>0.0</powerConsumption>
    <powerDemand>0.0</powerDemand>
    <powerLineCharge>0.0</powerLineCharge>
    <powerProduction>0.0</powerProduction>
    <powerProductionNeeded>0.0</powerProductionNeeded>
    <powerProductionOptimal>0.0</powerProductionOptimal>
    <resistance>0.0</resistance>
    <transportPowerDecrement>0.0</transportPowerDecrement>
    <voltageAngle>0.833080634120217</voltageAngle>
  </SPLINE>
  <SPLINE>
    <X>10</X>
    <Y>13</Y>
    <currentCurrent>0.0</currentCurrent>
    <currentPowerLoss>0.0</currentPowerLoss>
    <currentPowerTransport>0.0</currentPowerTransport>
    <currentVoltage>0.9208,-0.0044</currentVoltage>
    <maxPowerTransport>Infinity</maxPowerTransport>
    <nominalVoltage>1.0</nominalVoltage>
    <powerConsumption>0.0</powerConsumption>
    <powerDemand>0.0</powerDemand>
    <powerLineCharge>0.0</powerLineCharge>
    <powerProduction>0.0</powerProduction>
    <powerProductionNeeded>0.0</powerProductionNeeded>
    <powerProductionOptimal>0.0</powerProductionOptimal>
    <resistance>0.0</resistance>
    <transportPowerDecrement>0.0</transportPowerDecrement>
    <voltageAngle>0.2738738260725335</voltageAngle>
  </SPLINE>
  <PLINE>
    <X>12</X>
    <Y>14</Y>
    <currentCurrent>0.007,-0.0123</currentCurrent>
    <currentPowerLoss>2.0E-4</currentPowerLoss>
    <currentPowerTransport>0.065,0.11295</currentPowerTransport>
    <currentVoltage>0.007,-0.0123</currentVoltage>
    <maxPowerTransport>10000.0</maxPowerTransport>
    <nominalVoltage>1.0</nominalVoltage>
    <powerConsumption>0.0</powerConsumption>
    <powerDemand>0.0</powerDemand>
    <powerLineCharge>0.1989</powerLineCharge>
    <powerProduction>0.0</powerProduction>
    <powerProductionNeeded>0.0</powerProductionNeeded>
    <powerProductionOptimal>0.0</powerProductionOptimal>
    <resistance>0.095</resistance>
    <transportPowerDecrement>0.01</transportPowerDecrement>
    <voltageAngle>-60.356</voltageAngle>
  </PLINE>
  <SPLINE>
    <X>12</X>
    <Y>15</Y>
    <currentCurrent>0.0</currentCurrent>
    <currentPowerLoss>0.0</currentPowerLoss>
    <currentPowerTransport>0.0</currentPowerTransport>
    <currentVoltage>0.9138,0.0079</currentVoltage>
    <maxPowerTransport>Infinity</maxPowerTransport>
    <nominalVoltage>1.0</nominalVoltage>
    <powerConsumption>0.0</powerConsumption>
    <powerDemand>0.0</powerDemand>
    <powerLineCharge>0.0</powerLineCharge>
    <powerProduction>0.0</powerProduction>
    <powerProductionNeeded>0.0</powerProductionNeeded>
    <powerProductionOptimal>0.0</powerProductionOptimal>
    <resistance>0.0</resistance>
    <transportPowerDecrement>0.0</transportPowerDecrement>
    <voltageAngle>0.4956084927881621</voltageAngle>
  </SPLINE>
  <SPLINE>
    <X>11</X>
    <Y>13</Y>
    <currentCurrent>0.0</currentCurrent>
    <currentPowerLoss>0.0</currentPowerLoss>
    <currentPowerTransport>0.0</currentPowerTransport>
    <currentVoltage>0.9208,-0.0044</currentVoltage>
    <maxPowerTransport>Infinity</maxPowerTransport>
    <nominalVoltage>1.0</nominalVoltage>
    <powerConsumption>0.0</powerConsumption>
    <powerDemand>0.0</powerDemand>
    <powerLineCharge>0.0</powerLineCharge>
    <powerProduction>0.0</powerProduction>
    <powerProductionNeeded>0.0</powerProductionNeeded>
    <powerProductionOptimal>0.0</powerProductionOptimal>
    <resistance>0.0</resistance>
    <transportPowerDecrement>0.0</transportPowerDecrement>
    <voltageAngle>0.2738738260725335</voltageAngle>
  </SPLINE>
  <SPLINE>
    <X>12</X>
    <Y>13</Y>
    <currentCurrent>0.0</currentCurrent>
    <currentPowerLoss>0.0</currentPowerLoss>
    <currentPowerTransport>0.0</currentPowerTransport>
    <currentVoltage>0.9208,-0.0044</currentVoltage>
    <maxPowerTransport>Infinity</maxPowerTransport>
    <nominalVoltage>1.0</nominalVoltage>
    <powerConsumption>0.0</powerConsumption>
    <powerDemand>0.0</powerDemand>
    <powerLineCharge>0.0</powerLineCharge>
    <powerProduction>0.0</powerProduction>
    <powerProductionNeeded>0.0</powerProductionNeeded>
    <powerProductionOptimal>0.0</powerProductionOptimal>
    <resistance>0.0</resistance>
    <transportPowerDecrement>0.0</transportPowerDecrement>
    <voltageAngle>0.2738738260725335</voltageAngle>
  </SPLINE>
  <CUSTOM_CONSUMER>
    <X>14</X>
    <Y>20</Y>
    <currentCurrent>0.0</currentCurrent>
    <currentPowerLoss>0.0</currentPowerLoss>
    <currentPowerTransport>0.0</currentPowerTransport>
    <currentVoltage>0.8979,0.0194</currentVoltage>
    <maxPowerTransport>0.0</maxPowerTransport>
    <nominalVoltage>1.0</nominalVoltage>
    <powerConsumption>0.2</powerConsumption>
    <powerDemand>0.2,0.07</powerDemand>
    <powerLineCharge>0.0</powerLineCharge>
    <powerProduction>0.0</powerProduction>
    <powerProductionNeeded>0.0</powerProductionNeeded>
    <powerProductionOptimal>0.0</powerProductionOptimal>
    <resistance>0.0</resistance>
    <transportPowerDecrement>0.0</transportPowerDecrement>
    <voltageAngle>1.2375888374825783</voltageAngle>
    <model name="ConstantDemandModel">
      <powerDemand>0.2,0.07</powerDemand>
    </model>
  </CUSTOM_CONSUMER>
  <CUSTOM_CONSUMER>
    <X>15</X>
    <Y>17</Y>
    <currentCurrent>0.0</currentCurrent>
    <currentPowerLoss>0.0</currentPowerLoss>
    <currentPowerTransport>0.0</currentPowerTransport>
    <currentVoltage>0.9121,0.0175</currentVoltage>
    <maxPowerTransport>0.0</maxPowerTransport>
    <nominalVoltage>1.0</nominalVoltage>
    <powerConsumption>0.126</powerConsumption>
    <powerDemand>0.126,0.08</powerDemand>
    <powerLineCharge>0.0</powerLineCharge>
    <powerProduction>0.0</powerProduction>
    <powerProductionNeeded>0.0</powerProductionNeeded>
    <powerProductionOptimal>0.0</powerProductionOptimal>
    <resistance>0.0</resistance>
    <transportPowerDecrement>0.0</transportPowerDecrement>
    <voltageAngle>1.098933051060919</voltageAngle>
    <model name="ConstantDemandModel">
      <powerDemand>0.126,0.08</powerDemand>
    </model>
  </CUSTOM_CONSUMER>
  <PLINE>
    <X>13</X>
    <Y>17</Y>
    <currentCurrent>0.0017,-0.0096</currentCurrent>
    <currentPowerLoss>1.0E-4</currentPowerLoss>
    <currentPowerTransport>0.01478,0.08786</currentPowerTransport>
    <currentVoltage>0.0017,-0.0096</currentVoltage>
    <maxPowerTransport>10000.0</maxPowerTransport>
    <nominalVoltage>1.0</nominalVoltage>
    <powerConsumption>0.0</powerConsumption>
    <powerDemand>0.0</powerDemand>
    <powerLineCharge>0.1921</powerLineCharge>
    <powerProduction>0.0</powerProduction>
    <powerProductionNeeded>0.0</powerProductionNeeded>
    <powerProductionOptimal>0.0</powerProductionOptimal>
    <resistance>0.0821</resistance>
    <transportPowerDecrement>0.01</transportPowerDecrement>
    <voltageAngle>-79.958</voltageAngle>
  </PLINE>
  <SPLINE>
    <X>12</X>
    <Y>17</Y>
    <currentCurrent>0.0</currentCurrent>
    <currentPowerLoss>0.0</currentPowerLoss>
    <currentPowerTransport>0.0</currentPowerTransport>
    <currentVoltage>0.9138,0.0079</currentVoltage>
    <maxPowerTransport>Infinity</maxPowerTransport>
    <nominalVoltage>1.0</nominalVoltage>
    <powerConsumption>0.0</powerConsumption>
    <powerDemand>0.0</powerDemand>
    <powerLineCharge>0.0</powerLineCharge>
    <powerProduction>0.0</powerProduction>
    <powerProductionNeeded>0.0</powerProductionNeeded>
    <powerProductionOptimal>0.0</powerProductionOptimal>
    <resistance>0.0</resistance>
    <transportPowerDecrement>0.0</transportPowerDecrement>
    <voltageAngle>0.4956084927881621</voltageAngle>
  </SPLINE>
  <SPLINE>
    <X>14</X>
    <Y>17</Y>
    <currentCurrent>0.0</currentCurrent>
    <currentPowerLoss>0.0</currentPowerLoss>
    <currentPowerTransport>0.0</currentPowerTransport>
    <currentVoltage>0.9121,0.0175</currentVoltage>
    <maxPowerTransport>Infinity</maxPowerTransport>
    <nominalVoltage>1.0</nominalVoltage>
    <powerConsumption>0.0</powerConsumption>
    <powerDemand>0.0</powerDemand>
    <powerLineCharge>0.0</powerLineCharge>
    <powerProduction>0.0</powerProduction>
    <powerProductionNeeded>0.0</powerProductionNeeded>
    <powerProductionOptimal>0.0</powerProductionOptimal>
    <resistance>0.0</resistance>
    <transportPowerDecrement>0.0</transportPowerDecrement>
    <voltageAngle>1.098933051060919</voltageAngle>
  </SPLINE>
  <PLINE>
    <X>15</X>
    <Y>14</Y>
    <currentCurrent>-0.0123,-0.0011</currentCurrent>
    <currentPowerLoss>1.5E-4</currentPowerLoss>
    <currentPowerTransport>-0.11238,0.00788</currentPowerTransport>
    <currentVoltage>-0.0123,-0.0011</currentVoltage>
    <maxPowerTransport>10000.0</maxPowerTransport>
    <nominalVoltage>1.0</nominalVoltage>
    <powerConsumption>0.0</powerConsumption>
    <powerDemand>0.0</powerDemand>
    <powerLineCharge>0.0845</powerLineCharge>
    <powerProduction>0.0</powerProduction>
    <powerProductionNeeded>0.0</powerProductionNeeded>
    <powerProductionOptimal>0.0</powerProductionOptimal>
    <resistance>0.0318</resistance>
    <transportPowerDecrement>0.01</transportPowerDecrement>
    <voltageAngle>-5.11</voltageAngle>
  </PLINE>
  <SPLINE>
    <X>15</X>
    <Y>15</Y>
    <currentCurrent>0.0</currentCurrent>
    <currentPowerLoss>0.0</currentPowerLoss>
    <currentPowerTransport>0.0</currentPowerTransport>
    <currentVoltage>0.9121,0.0175</currentVoltage>
    <maxPowerTransport>Infinity</maxPowerTransport>
    <nominalVoltage>1.0</nominalVoltage>
    <powerConsumption>0.0</powerConsumption>
    <powerDemand>0.0</powerDemand>
    <powerLineCharge>0.0</powerLineCharge>
    <powerProduction>0.0</powerProduction>
    <powerProductionNeeded>0.0</powerProductionNeeded>
    <powerProductionOptimal>0.0</powerProductionOptimal>
    <resistance>0.0</resistance>
    <transportPowerDecrement>0.0</transportPowerDecrement>
    <voltageAngle>1.098933051060919</voltageAngle>
  </SPLINE>
  <SPLINE>
    <X>15</X>
    <Y>16</Y>
    <currentCurrent>0.0</currentCurrent>
    <currentPowerLoss>0.0</currentPowerLoss>
    <currentPowerTransport>0.0</currentPowerTransport>
    <currentVoltage>0.9121,0.0175</currentVoltage>
    <maxPowerTransport>Infinity</maxPowerTransport>
    <nominalVoltage>1.0</nominalVoltage>
    <powerConsumption>0.0</powerConsumption>
    <powerDemand>0.0</powerDemand>
    <powerLineCharge>0.0</powerLineCharge>
    <powerProduction>0.0</powerProduction>
    <powerProductionNeeded>0.0</powerProductionNeeded>
    <powerProductionOptimal>0.0</powerProductionOptimal>
    <resistance>0.0</resistance>
    <transportPowerDecrement>0.0</transportPowerDecrement>
    <voltageAngle>1.098933051060919</voltageAngle>
  </SPLINE>
  <SPLINE>
    <X>15</X>
    <Y>13</Y>
    <currentCurrent>0.0</currentCurrent>
    <currentPowerLoss>0.0</currentPowerLoss>
    <currentPowerTransport>0.0</currentPowerTransport>
    <currentVoltage>0.9244,0.0186</currentVoltage>
    <maxPowerTransport>Infinity</maxPowerTransport>
    <nominalVoltage>1.0</nominalVoltage>
    <powerConsumption>0.0</powerConsumption>
    <powerDemand>0.0</powerDemand>
    <powerLineCharge>0.0</powerLineCharge>
    <powerProduction>0.0</powerProduction>
    <powerProductionNeeded>0.0</powerProductionNeeded>
    <powerProductionOptimal>0.0</powerProductionOptimal>
    <resistance>0.0</resistance>
    <transportPowerDecrement>0.0</transportPowerDecrement>
    <voltageAngle>1.1527910838032163</voltageAngle>
  </SPLINE>
  <SPLINE>
    <X>16</X>
    <Y>13</Y>
    <currentCurrent>0.0</currentCurrent>
    <currentPowerLoss>0.0</currentPowerLoss>
    <currentPowerTransport>0.0</currentPowerTransport>
    <currentVoltage>0.9244,0.0186</currentVoltage>
    <maxPowerTransport>Infinity</maxPowerTransport>
    <nominalVoltage>1.0</nominalVoltage>
    <powerConsumption>0.0</powerConsumption>
    <powerDemand>0.0</powerDemand>
    <powerLineCharge>0.0</powerLineCharge>
    <powerProduction>0.0</powerProduction>
    <powerProductionNeeded>0.0</powerProductionNeeded>
    <powerProductionOptimal>0.0</powerProductionOptimal>
    <resistance>0.0</resistance>
    <transportPowerDecrement>0.0</transportPowerDecrement>
    <voltageAngle>1.1527910838032163</voltageAngle>
  </SPLINE>
  <PLINE>
    <X>11</X>
    <Y>19</Y>
    <currentCurrent>-0.004,-0.0064</currentCurrent>
    <currentPowerLoss>6.0E-5</currentPowerLoss>
    <currentPowerTransport>-0.03659,0.05669</currentPowerTransport>
    <currentVoltage>-0.004,-0.0064</currentVoltage>
    <maxPowerTransport>10000.0</maxPowerTransport>
    <nominalVoltage>1.0</nominalVoltage>
    <powerConsumption>0.0</powerConsumption>
    <powerDemand>0.0</powerDemand>
    <powerLineCharge>0.348</powerLineCharge>
    <powerProduction>0.0</powerProduction>
    <powerProductionNeeded>0.0</powerProductionNeeded>
    <powerProductionOptimal>0.0</powerProductionOptimal>
    <resistance>0.1709</resistance>
    <transportPowerDecrement>0.01</transportPowerDecrement>
    <voltageAngle>-57.995</voltageAngle>
  </PLINE>
  <PLINE>
    <X>17</X>
    <Y>18</Y>
    <currentCurrent>-0.0265,8.0E-4</currentCurrent>
    <currentPowerLoss>7.0E-4</currentPowerLoss>
    <currentPowerTransport>-0.23779,-0.01232</currentPowerTransport>
    <currentVoltage>-0.0265,8.0E-4</currentVoltage>
    <maxPowerTransport>10000.0</maxPowerTransport>
    <nominalVoltage>1.0</nominalVoltage>
    <powerConsumption>0.0</powerConsumption>
    <powerDemand>0.0</powerDemand>
    <powerLineCharge>0.2704</powerLineCharge>
    <powerProduction>0.0</powerProduction>
    <powerProductionNeeded>0.0</powerProductionNeeded>
    <powerProductionOptimal>0.0</powerProductionOptimal>
    <resistance>0.1271</resistance>
    <transportPowerDecrement>0.01</transportPowerDecrement>
    <voltageAngle>1.729</voltageAngle>
  </PLINE>
  <SPLINE>
    <X>10</X>
    <Y>19</Y>
    <currentCurrent>0.0</currentCurrent>
    <currentPowerLoss>0.0</currentPowerLoss>
    <currentPowerTransport>0.0</currentPowerTransport>
    <currentVoltage>0.8939,0.013</currentVoltage>
    <maxPowerTransport>Infinity</maxPowerTransport>
    <nominalVoltage>1.0</nominalVoltage>
    <powerConsumption>0.0</powerConsumption>
    <powerDemand>0.0</powerDemand>
    <powerLineCharge>0.0</powerLineCharge>
    <powerProduction>0.0</powerProduction>
    <powerProductionNeeded>0.0</powerProductionNeeded>
    <powerProductionOptimal>0.0</powerProductionOptimal>
    <resistance>0.0</resistance>
    <transportPowerDecrement>0.0</transportPowerDecrement>
    <voltageAngle>0.833080634120217</voltageAngle>
  </SPLINE>
  <SPLINE>
    <X>12</X>
    <Y>19</Y>
    <currentCurrent>0.0</currentCurrent>
    <currentPowerLoss>0.0</currentPowerLoss>
    <currentPowerTransport>0.0</currentPowerTransport>
    <currentVoltage>0.8979,0.0194</currentVoltage>
    <maxPowerTransport>Infinity</maxPowerTransport>
    <nominalVoltage>1.0</nominalVoltage>
    <powerConsumption>0.0</powerConsumption>
    <powerDemand>0.0</powerDemand>
    <powerLineCharge>0.0</powerLineCharge>
    <powerProduction>0.0</powerProduction>
    <powerProductionNeeded>0.0</powerProductionNeeded>
    <powerProductionOptimal>0.0</powerProductionOptimal>
    <resistance>0.0</resistance>
    <transportPowerDecrement>0.0</transportPowerDecrement>
    <voltageAngle>1.2375888374825783</voltageAngle>
  </SPLINE>
  <SPLINE>
    <X>13</X>
    <Y>19</Y>
    <currentCurrent>0.0</currentCurrent>
    <currentPowerLoss>0.0</currentPowerLoss>
    <currentPowerTransport>0.0</currentPowerTransport>
    <currentVoltage>0.8979,0.0194</currentVoltage>
    <maxPowerTransport>Infinity</maxPowerTransport>
    <nominalVoltage>1.0</nominalVoltage>
    <powerConsumption>0.0</powerConsumption>
    <powerDemand>0.0</powerDemand>
    <powerLineCharge>0.0</powerLineCharge>
    <powerProduction>0.0</powerProduction>
    <powerProductionNeeded>0.0</powerProductionNeeded>
    <powerProductionOptimal>0.0</powerProductionOptimal>
    <resistance>0.0</resistance>
    <transportPowerDecrement>0.0</transportPowerDecrement>
    <voltageAngle>1.2375888374825783</voltageAngle>
  </SPLINE>
  <SPLINE>
    <X>15</X>
    <Y>19</Y>
    <currentCurrent>0.0</currentCurrent>
    <currentPowerLoss>0.0</currentPowerLoss>
    <currentPowerTransport>0.0</currentPowerTransport>
    <currentVoltage>0.8979,0.0194</currentVoltage>
    <maxPowerTransport>Infinity</maxPowerTransport>
    <nominalVoltage>1.0</nominalVoltage>
    <powerConsumption>0.0</powerConsumption>
    <powerDemand>0.0</powerDemand>
    <powerLineCharge>0.0</powerLineCharge>
    <powerProduction>0.0</powerProduction>
    <powerProductionNeeded>0.0</powerProductionNeeded>
    <powerProductionOptimal>0.0</powerProductionOptimal>
    <resistance>0.0</resistance>
    <transportPowerDecrement>0.0</transportPowerDecrement>
    <voltageAngle>1.2375888374825783</voltageAngle>
  </SPLINE>
  <SPLINE>
    <X>16</X>
    <Y>19</Y>
    <currentCurrent>0.0</currentCurrent>
    <currentPowerLoss>0.0</currentPowerLoss>
    <currentPowerTransport>0.0</currentPowerTransport>
    <currentVoltage>0.8979,0.0194</currentVoltage>
    <maxPowerTransport>Infinity</maxPowerTransport>
    <nominalVoltage>1.0</nominalVoltage>
    <powerConsumption>0.0</powerConsumption>
    <powerDemand>0.0</powerDemand>
    <powerLineCharge>0.0</powerLineCharge>
    <powerProduction>0.0</powerProduction>
    <powerProductionNeeded>0.0</powerProductionNeeded>
    <powerProductionOptimal>0.0</powerProductionOptimal>
    <resistance>0.0</resistance>
    <transportPowerDecrement>0.0</transportPowerDecrement>
    <voltageAngle>1.2375888374825783</voltageAngle>
  </SPLINE>
  <SPLINE>
    <X>17</X>
    <Y>19</Y>
    <currentCurrent>0.0</currentCurrent>
    <currentPowerLoss>0.0</currentPowerLoss>
    <currentPowerTransport>0.0</currentPowerTransport>
    <currentVoltage>0.8979,0.0194</currentVoltage>
    <maxPowerTransport>Infinity</maxPowerTransport>
    <nominalVoltage>1.0</nominalVoltage>
    <powerConsumption>0.0</powerConsumption>
    <powerDemand>0.0</powerDemand>
    <powerLineCharge>0.0</powerLineCharge>
    <powerProduction>0.0</powerProduction>
    <powerProductionNeeded>0.0</powerProductionNeeded>
    <powerProductionOptimal>0.0</powerProductionOptimal>
    <resistance>0.0</resistance>
    <transportPowerDecrement>0.0</transportPowerDecrement>
    <voltageAngle>1.2375888374825783</voltageAngle>
  </SPLINE>
  <SPLINE>
    <X>14</X>
    <Y>19</Y>
    <currentCurrent>0.0</currentCurrent>
    <currentPowerLoss>0.0</currentPowerLoss>
    <currentPowerTransport>0.0</currentPowerTransport>
    <currentVoltage>0.8979,0.0194</currentVoltage>
    <maxPowerTransport>Infinity</maxPowerTransport>
    <nominalVoltage>1.0</nominalVoltage>
    <powerConsumption>0.0</powerConsumption>
    <powerDemand>0.0</powerDemand>
    <powerLineCharge>0.0</powerLineCharge>
    <powerProduction>0.0</powerProduction>
    <powerProductionNeeded>0.0</powerProductionNeeded>
    <powerProductionOptimal>0.0</powerProductionOptimal>
    <resistance>0.0</resistance>
    <transportPowerDecrement>0.0</transportPowerDecrement>
    <voltageAngle>1.2375888374825783</voltageAngle>
  </SPLINE>
  <SPLINE>
    <X>17</X>
    <Y>16</Y>
    <currentCurrent>0.0</currentCurrent>
    <currentPowerLoss>0.0</currentPowerLoss>
    <currentPowerTransport>0.0</currentPowerTransport>
    <currentVoltage>0.9244,0.0186</currentVoltage>
    <maxPowerTransport>Infinity</maxPowerTransport>
    <nominalVoltage>1.0</nominalVoltage>
    <powerConsumption>0.0</powerConsumption>
    <powerDemand>0.0</powerDemand>
    <powerLineCharge>0.0</powerLineCharge>
    <powerProduction>0.0</powerProduction>
    <powerProductionNeeded>0.0</powerProductionNeeded>
    <powerProductionOptimal>0.0</powerProductionOptimal>
    <resistance>0.0</resistance>
    <transportPowerDecrement>0.0</transportPowerDecrement>
    <voltageAngle>1.1527910838032163</voltageAngle>
  </SPLINE>
  <SPLINE>
    <X>17</X>
    <Y>15</Y>
    <currentCurrent>0.0</currentCurrent>
    <currentPowerLoss>0.0</currentPowerLoss>
    <currentPowerTransport>0.0</currentPowerTransport>
    <currentVoltage>0.9244,0.0186</currentVoltage>
    <maxPowerTransport>Infinity</maxPowerTransport>
    <nominalVoltage>1.0</nominalVoltage>
    <powerConsumption>0.0</powerConsumption>
    <powerDemand>0.0</powerDemand>
    <powerLineCharge>0.0</powerLineCharge>
    <powerProduction>0.0</powerProduction>
    <powerProductionNeeded>0.0</powerProductionNeeded>
    <powerProductionOptimal>0.0</powerProductionOptimal>
    <resistance>0.0</resistance>
    <transportPowerDecrement>0.0</transportPowerDecrement>
    <voltageAngle>1.1527910838032163</voltageAngle>
  </SPLINE>
  <SPLINE>
    <X>17</X>
    <Y>13</Y>
    <currentCurrent>0.0</currentCurrent>
    <currentPowerLoss>0.0</currentPowerLoss>
    <currentPowerTransport>0.0</currentPowerTransport>
    <currentVoltage>0.9244,0.0186</currentVoltage>
    <maxPowerTransport>Infinity</maxPowerTransport>
    <nominalVoltage>1.0</nominalVoltage>
    <powerConsumption>0.0</powerConsumption>
    <powerDemand>0.0</powerDemand>
    <powerLineCharge>0.0</powerLineCharge>
    <powerProduction>0.0</powerProduction>
    <powerProductionNeeded>0.0</powerProductionNeeded>
    <powerProductionOptimal>0.0</powerProductionOptimal>
    <resistance>0.0</resistance>
    <transportPowerDecrement>0.0</transportPowerDecrement>
    <voltageAngle>1.1527910838032163</voltageAngle>
  </SPLINE>
  <SPLINE>
    <X>17</X>
    <Y>17</Y>
    <currentCurrent>0.0</currentCurrent>
    <currentPowerLoss>0.0</currentPowerLoss>
    <currentPowerTransport>0.0</currentPowerTransport>
    <currentVoltage>0.9244,0.0186</currentVoltage>
    <maxPowerTransport>Infinity</maxPowerTransport>
    <nominalVoltage>1.0</nominalVoltage>
    <powerConsumption>0.0</powerConsumption>
    <powerDemand>0.0</powerDemand>
    <powerLineCharge>0.0</powerLineCharge>
    <powerProduction>0.0</powerProduction>
    <powerProductionNeeded>0.0</powerProductionNeeded>
    <powerProductionOptimal>0.0</powerProductionOptimal>
    <resistance>0.0</resistance>
    <transportPowerDecrement>0.0</transportPowerDecrement>
    <voltageAngle>1.1527910838032163</voltageAngle>
  </SPLINE>
  <SPLINE>
    <X>17</X>
    <Y>14</Y>
    <currentCurrent>0.0</currentCurrent>
    <currentPowerLoss>0.0</currentPowerLoss>
    <currentPowerTransport>0.0</currentPowerTransport>
    <currentVoltage>0.9244,0.0186</currentVoltage>
    <maxPowerTransport>Infinity</maxPowerTransport>
    <nominalVoltage>1.0</nominalVoltage>
    <powerConsumption>0.0</powerConsumption>
    <powerDemand>0.0</powerDemand>
    <powerLineCharge>0.0</powerLineCharge>
    <powerProduction>0.0</powerProduction>
    <powerProductionNeeded>0.0</powerProductionNeeded>
    <powerProductionOptimal>0.0</powerProductionOptimal>
    <resistance>0.0</resistance>
    <transportPowerDecrement>0.0</transportPowerDecrement>
    <voltageAngle>1.1527910838032163</voltageAngle>
  </SPLINE>
  <PLINE>
    <X>18</X>
    <Y>13</Y>
    <currentCurrent>-0.0756,0.0186</currentCurrent>
    <currentPowerLoss>0.00606</currentPowerLoss>
    <currentPowerTransport>-0.69539,-0.186</currentPowerTransport>
    <currentVoltage>-0.0756,0.0186</currentVoltage>
    <maxPowerTransport>10000.0</maxPowerTransport>
    <nominalVoltage>1.0</nominalVoltage>
    <powerConsumption>0.0</powerConsumption>
    <powerDemand>0.0</powerDemand>
    <powerLineCharge>0.11</powerLineCharge>
    <powerProduction>0.0</powerProduction>
    <powerProductionNeeded>0.0</powerProductionNeeded>
    <powerProductionOptimal>0.0</powerProductionOptimal>
    <resistance>1.0</resistance>
    <transportPowerDecrement>0.01</transportPowerDecrement>
    <voltageAngle>13.822</voltageAngle>
  </PLINE>
  <SPLINE>
    <X>19</X>
    <Y>12</Y>
    <currentCurrent>0.0</currentCurrent>
    <currentPowerLoss>0.0</currentPowerLoss>
    <currentPowerTransport>0.0</currentPowerTransport>
    <currentVoltage>1.0</currentVoltage>
    <maxPowerTransport>Infinity</maxPowerTransport>
    <nominalVoltage>1.0</nominalVoltage>
    <powerConsumption>0.0</powerConsumption>
    <powerDemand>0.0</powerDemand>
    <powerLineCharge>0.0</powerLineCharge>
    <powerProduction>0.0</powerProduction>
    <powerProductionNeeded>0.0</powerProductionNeeded>
    <powerProductionOptimal>0.0</powerProductionOptimal>
    <resistance>0.0</resistance>
    <transportPowerDecrement>0.0</transportPowerDecrement>
    <voltageAngle>0.0</voltageAngle>
  </SPLINE>
  <SPLINE>
    <X>19</X>
    <Y>13</Y>
    <currentCurrent>0.0</currentCurrent>
    <currentPowerLoss>0.0</currentPowerLoss>
    <currentPowerTransport>0.0</currentPowerTransport>
    <currentVoltage>1.0</currentVoltage>
    <maxPowerTransport>Infinity</maxPowerTransport>
    <nominalVoltage>1.0</nominalVoltage>
    <powerConsumption>0.0</powerConsumption>
    <powerDemand>0.0</powerDemand>
    <powerLineCharge>0.0</powerLineCharge>
    <powerProduction>0.0</powerProduction>
    <powerProductionNeeded>0.0</powerProductionNeeded>
    <powerProductionOptimal>0.0</powerProductionOptimal>
    <resistance>0.0</resistance>
    <transportPowerDecrement>0.0</transportPowerDecrement>
    <voltageAngle>0.0</voltageAngle>
  </SPLINE>
  <PLINE>
    <X>10</X>
    <Y>11</Y>
    <currentCurrent>0.0512,0.0072</currentCurrent>
    <currentPowerLoss>0.00267</currentPowerLoss>
    <currentPowerTransport>0.49787,-0.06855</currentPowerTransport>
    <currentVoltage>0.0512,0.0072</currentVoltage>
    <maxPowerTransport>10000.0</maxPowerTransport>
    <nominalVoltage>1.0</nominalVoltage>
    <powerConsumption>0.0</powerConsumption>
    <powerDemand>0.0</powerDemand>
    <powerLineCharge>0.252</powerLineCharge>
    <powerProduction>0.0</powerProduction>
    <powerProductionNeeded>0.0</powerProductionNeeded>
    <powerProductionOptimal>0.0</powerProductionOptimal>
    <resistance>0.0</resistance>
    <transportPowerDecrement>0.01</transportPowerDecrement>
    <voltageAngle>8.005</voltageAngle>
  </PLINE>
  <PLINE>
    <X>15</X>
    <Y>11</Y>
    <currentCurrent>0.008,-0.0053</currentCurrent>
    <currentPowerLoss>9.0E-5</currentPowerLoss>
    <currentPowerTransport>0.07389,0.05048</currentPowerTransport>
    <currentVoltage>0.008,-0.0053</currentVoltage>
    <maxPowerTransport>10000.0</maxPowerTransport>
    <nominalVoltage>1.0</nominalVoltage>
    <powerConsumption>0.0</powerConsumption>
    <powerDemand>0.0</powerDemand>
    <powerLineCharge>0.5562</powerLineCharge>
    <powerProduction>0.0</powerProduction>
    <powerProductionNeeded>0.0</powerProductionNeeded>
    <powerProductionOptimal>0.0</powerProductionOptimal>
    <resistance>0.0</resistance>
    <transportPowerDecrement>0.01</transportPowerDecrement>
    <voltageAngle>-33.524</voltageAngle>
  </PLINE>
  <SPLINE>
    <X>15</X>
    <Y>12</Y>
    <currentCurrent>0.0</currentCurrent>
    <currentPowerLoss>0.0</currentPowerLoss>
    <currentPowerTransport>0.0</currentPowerTransport>
    <currentVoltage>0.9244,0.0186</currentVoltage>
    <maxPowerTransport>Infinity</maxPowerTransport>
    <nominalVoltage>1.0</nominalVoltage>
    <powerConsumption>0.0</powerConsumption>
    <powerDemand>0.0</powerDemand>
    <powerLineCharge>0.0</powerLineCharge>
    <powerProduction>0.0</powerProduction>
    <powerProductionNeeded>0.0</powerProductionNeeded>
    <powerProductionOptimal>0.0</powerProductionOptimal>
    <resistance>0.0</resistance>
    <transportPowerDecrement>0.0</transportPowerDecrement>
    <voltageAngle>1.1527910838032163</voltageAngle>
  </SPLINE>
  <PLINE>
    <X>17</X>
    <Y>10</Y>
    <currentCurrent>-0.0676,0.0133</currentCurrent>
    <currentPowerLoss>0.00475</currentPowerLoss>
    <currentPowerTransport>-0.62853,-0.133</currentPowerTransport>
    <currentVoltage>-0.0676,0.0133</currentVoltage>
    <maxPowerTransport>10000.0</maxPowerTransport>
    <nominalVoltage>1.0</nominalVoltage>
    <powerConsumption>0.0</powerConsumption>
    <powerDemand>0.0</powerDemand>
    <powerLineCharge>0.2091</powerLineCharge>
    <powerProduction>0.0</powerProduction>
    <powerProductionNeeded>0.0</powerProductionNeeded>
    <powerProductionOptimal>0.0</powerProductionOptimal>
    <resistance>0.0</resistance>
    <transportPowerDecrement>0.01</transportPowerDecrement>
    <voltageAngle>11.131</voltageAngle>
  </PLINE>
  <SPLINE>
    <X>16</X>
    <Y>10</Y>
    <currentCurrent>0.0</currentCurrent>
    <currentPowerLoss>0.0</currentPowerLoss>
    <currentPowerTransport>0.0</currentPowerTransport>
    <currentVoltage>0.9324,0.0133</currentVoltage>
    <maxPowerTransport>Infinity</maxPowerTransport>
    <nominalVoltage>1.0</nominalVoltage>
    <powerConsumption>0.0</powerConsumption>
    <powerDemand>0.0</powerDemand>
    <powerLineCharge>0.0</powerLineCharge>
    <powerProduction>0.0</powerProduction>
    <powerProductionNeeded>0.0</powerProductionNeeded>
    <powerProductionOptimal>0.0</powerProductionOptimal>
    <resistance>0.0</resistance>
    <transportPowerDecrement>0.0</transportPowerDecrement>
    <voltageAngle>0.8170378158565539</voltageAngle>
  </SPLINE>
  <SPLINE>
    <X>18</X>
    <Y>10</Y>
    <currentCurrent>0.0</currentCurrent>
    <currentPowerLoss>0.0</currentPowerLoss>
    <currentPowerTransport>0.0</currentPowerTransport>
    <currentVoltage>1.0</currentVoltage>
    <maxPowerTransport>Infinity</maxPowerTransport>
    <nominalVoltage>1.0</nominalVoltage>
    <powerConsumption>0.0</powerConsumption>
    <powerDemand>0.0</powerDemand>
    <powerLineCharge>0.0</powerLineCharge>
    <powerProduction>0.0</powerProduction>
    <powerProductionNeeded>0.0</powerProductionNeeded>
    <powerProductionOptimal>0.0</powerProductionOptimal>
    <resistance>0.0</resistance>
    <transportPowerDecrement>0.0</transportPowerDecrement>
    <voltageAngle>0.0</voltageAngle>
  </SPLINE>
  <SPLINE>
    <X>19</X>
    <Y>10</Y>
    <currentCurrent>0.0</currentCurrent>
    <currentPowerLoss>0.0</currentPowerLoss>
    <currentPowerTransport>0.0</currentPowerTransport>
    <currentVoltage>1.0</currentVoltage>
    <maxPowerTransport>Infinity</maxPowerTransport>
    <nominalVoltage>1.0</nominalVoltage>
    <powerConsumption>0.0</powerConsumption>
    <powerDemand>0.0</powerDemand>
    <powerLineCharge>0.0</powerLineCharge>
    <powerProduction>0.0</powerProduction>
    <powerProductionNeeded>0.0</powerProductionNeeded>
    <powerProductionOptimal>0.0</powerProductionOptimal>
    <resistance>0.0</resistance>
    <transportPowerDecrement>0.0</transportPowerDecrement>
    <voltageAngle>0.0</voltageAngle>
  </SPLINE>
  <CUSTOM_POWER_PLANT>
    <X>12</X>
    <Y>3</Y>
    <currentCurrent>0.0</currentCurrent>
    <currentPowerLoss>0.0</currentPowerLoss>
    <currentPowerTransport>0.0</currentPowerTransport>
    <currentVoltage>1.045</currentVoltage>
    <maxPowerTransport>0.0</maxPowerTransport>
    <nominalVoltage>1.0</nominalVoltage>
    <powerConsumption>0.0</powerConsumption>
    <powerDemand>0.0</powerDemand>
    <powerLineCharge>0.0</powerLineCharge>
    <powerProduction>0.4</powerProduction>
    <powerProductionNeeded>0.4</powerProductionNeeded>
    <powerProductionOptimal>0.4</powerProductionOptimal>
    <resistance>0.0</resistance>
    <transportPowerDecrement>0.0</transportPowerDecrement>
    <voltageAngle>0.0</voltageAngle>
    <model name="ConstantPowerPlantModel">
      <powerProduction>0.4</powerProduction>
      <powerProductionOptimal>0.4</powerProductionOptimal>
    </model>
  </CUSTOM_POWER_PLANT>
  <CUSTOM_POWER_PLANT>
    <X>17</X>
    <Y>5</Y>
    <currentCurrent>0.0</currentCurrent>
    <currentPowerLoss>0.0</currentPowerLoss>
    <currentPowerTransport>0.0</currentPowerTransport>
    <currentVoltage>0.9324,0.0133</currentVoltage>
    <maxPowerTransport>0.0</maxPowerTransport>
    <nominalVoltage>1.0</nominalVoltage>
    <powerConsumption>0.0</powerConsumption>
    <powerDemand>0.0</powerDemand>
    <powerLineCharge>0.0</powerLineCharge>
    <powerProduction>0.0</powerProduction>
    <powerProductionNeeded>0.0</powerProductionNeeded>
    <powerProductionOptimal>0.0</powerProductionOptimal>
    <resistance>0.0</resistance>
    <transportPowerDecrement>0.0</transportPowerDecrement>
    <voltageAngle>0.8170378158565539</voltageAngle>
    <model name="ConstantPowerPlantModel">
      <powerProduction>0.0</powerProduction>
      <powerProductionOptimal>0.0</powerProductionOptimal>
    </model>
  </CUSTOM_POWER_PLANT>
  <CUSTOM_POWER_PLANT>
    <X>11</X>
    <Y>12</Y>
    <currentCurrent>0.0</currentCurrent>
    <currentPowerLoss>0.0</currentPowerLoss>
    <currentPowerTransport>0.0</currentPowerTransport>
    <currentVoltage>0.9208,-0.0044</currentVoltage>
    <maxPowerTransport>0.0</maxPowerTransport>
    <nominalVoltage>1.0</nominalVoltage>
    <powerConsumption>0.0</powerConsumption>
    <powerDemand>0.0</powerDemand>
    <powerLineCharge>0.0</powerLineCharge>
    <powerProduction>0.0,0.44</powerProduction>
    <powerProductionNeeded>0.0</powerProductionNeeded>
    <powerProductionOptimal>0.0,0.44</powerProductionOptimal>
    <resistance>0.0</resistance>
    <transportPowerDecrement>0.0</transportPowerDecrement>
    <voltageAngle>0.2738738260725335</voltageAngle>
    <model name="ConstantPowerPlantModel">
      <powerProduction>0.0,0.44</powerProduction>
      <powerProductionOptimal>0.0,0.44</powerProductionOptimal>
    </model>
  </CUSTOM_POWER_PLANT>
  <PLINE>
    <X>15</X>
    <Y>7</Y>
    <currentCurrent>0.0</currentCurrent>
    <currentPowerLoss>0.0</currentPowerLoss>
    <currentPowerTransport>0.0</currentPowerTransport>
    <currentVoltage>1.0</currentVoltage>
    <maxPowerTransport>10000.0</maxPowerTransport>
    <nominalVoltage>1.0</nominalVoltage>
    <powerConsumption>0.0</powerConsumption>
    <powerDemand>0.0</powerDemand>
    <powerLineCharge>0.171</powerLineCharge>
    <powerProduction>0.0</powerProduction>
    <powerProductionNeeded>0.0</powerProductionNeeded>
    <powerProductionOptimal>0.0</powerProductionOptimal>
    <resistance>0.067</resistance>
    <transportPowerDecrement>0.01</transportPowerDecrement>
    <voltageAngle>0.0</voltageAngle>
  </PLINE>
  <PLINE>
    <X>11</X>
    <Y>7</Y>
    <currentCurrent>0.0</currentCurrent>
    <currentPowerLoss>0.0</currentPowerLoss>
    <currentPowerTransport>0.0</currentPowerTransport>
    <currentVoltage>1.0</currentVoltage>
    <maxPowerTransport>10000.0</maxPowerTransport>
    <nominalVoltage>1.0</nominalVoltage>
    <powerConsumption>0.0</powerConsumption>
    <powerDemand>0.0</powerDemand>
    <powerLineCharge>0.0</powerLineCharge>
    <powerProduction>0.0</powerProduction>
    <powerProductionNeeded>0.0</powerProductionNeeded>
    <powerProductionOptimal>0.0</powerProductionOptimal>
    <resistance>1.0</resistance>
    <transportPowerDecrement>0.01</transportPowerDecrement>
    <voltageAngle>0.0</voltageAngle>
  </PLINE>
  <PLINE>
    <X>11</X>
    <Y>7</Y>
    <currentCurrent>0.0</currentCurrent>
    <currentPowerLoss>0.0</currentPowerLoss>
    <currentPowerTransport>0.0</currentPowerTransport>
    <currentVoltage>1.0</currentVoltage>
    <maxPowerTransport>10000.0</maxPowerTransport>
    <nominalVoltage>1.0</nominalVoltage>
    <powerConsumption>0.0</powerConsumption>
    <powerDemand>0.0</powerDemand>
    <powerLineCharge>0.1739</powerLineCharge>
    <powerProduction>0.0</powerProduction>
    <powerProductionNeeded>0.0</powerProductionNeeded>
    <powerProductionOptimal>0.0</powerProductionOptimal>
    <resistance>0.057</resistance>
    <transportPowerDecrement>0.01</transportPowerDecrement>
    <voltageAngle>0.0</voltageAngle>
  </PLINE>
  <PLINE>
    <X>13</X>
    <Y>7</Y>
    <currentCurrent>0.0</currentCurrent>
    <currentPowerLoss>0.0</currentPowerLoss>
    <currentPowerTransport>0.0</currentPowerTransport>
    <currentVoltage>1.0</currentVoltage>
    <maxPowerTransport>10000.0</maxPowerTransport>
    <nominalVoltage>1.0</nominalVoltage>
    <powerConsumption>0.0</powerConsumption>
    <powerDemand>0.0</powerDemand>
    <powerLineCharge>0.1763</powerLineCharge>
    <powerProduction>0.0</powerProduction>
    <powerProductionNeeded>0.0</powerProductionNeeded>
    <powerProductionOptimal>0.0</powerProductionOptimal>
    <resistance>0.0581</resistance>
    <transportPowerDecrement>0.01</transportPowerDecrement>
    <voltageAngle>0.0</voltageAngle>
  </PLINE>
  <SPLINE>
    <X>12</X>
    <Y>6</Y>
    <currentCurrent>0.0</currentCurrent>
    <currentPowerLoss>0.0</currentPowerLoss>
    <currentPowerTransport>0.0</currentPowerTransport>
    <currentVoltage>1.0</currentVoltage>
    <maxPowerTransport>Infinity</maxPowerTransport>
    <nominalVoltage>1.0</nominalVoltage>
    <powerConsumption>0.0</powerConsumption>
    <powerDemand>0.0</powerDemand>
    <powerLineCharge>0.0</powerLineCharge>
    <powerProduction>0.0</powerProduction>
    <powerProductionNeeded>0.0</powerProductionNeeded>
    <powerProductionOptimal>0.0</powerProductionOptimal>
    <resistance>0.0</resistance>
    <transportPowerDecrement>0.0</transportPowerDecrement>
    <voltageAngle>0.0</voltageAngle>
  </SPLINE>
  <SPLINE>
    <X>13</X>
    <Y>6</Y>
    <currentCurrent>0.0</currentCurrent>
    <currentPowerLoss>0.0</currentPowerLoss>
    <currentPowerTransport>0.0</currentPowerTransport>
    <currentVoltage>1.0</currentVoltage>
    <maxPowerTransport>Infinity</maxPowerTransport>
    <nominalVoltage>1.0</nominalVoltage>
    <powerConsumption>0.0</powerConsumption>
    <powerDemand>0.0</powerDemand>
    <powerLineCharge>0.0</powerLineCharge>
    <powerProduction>0.0</powerProduction>
    <powerProductionNeeded>0.0</powerProductionNeeded>
    <powerProductionOptimal>0.0</powerProductionOptimal>
    <resistance>0.0</resistance>
    <transportPowerDecrement>0.0</transportPowerDecrement>
    <voltageAngle>0.0</voltageAngle>
  </SPLINE>
  <SPLINE>
    <X>13</X>
    <Y>8</Y>
    <currentCurrent>0.0</currentCurrent>
    <currentPowerLoss>0.0</currentPowerLoss>
    <currentPowerTransport>0.0</currentPowerTransport>
    <currentVoltage>1.0</currentVoltage>
    <maxPowerTransport>Infinity</maxPowerTransport>
    <nominalVoltage>1.0</nominalVoltage>
    <powerConsumption>0.0</powerConsumption>
    <powerDemand>0.0</powerDemand>
    <powerLineCharge>0.0</powerLineCharge>
    <powerProduction>0.0</powerProduction>
    <powerProductionNeeded>0.0</powerProductionNeeded>
    <powerProductionOptimal>0.0</powerProductionOptimal>
    <resistance>0.0</resistance>
    <transportPowerDecrement>0.0</transportPowerDecrement>
    <voltageAngle>0.0</voltageAngle>
  </SPLINE>
  <SPLINE>
    <X>14</X>
    <Y>8</Y>
    <currentCurrent>0.0</currentCurrent>
    <currentPowerLoss>0.0</currentPowerLoss>
    <currentPowerTransport>0.0</currentPowerTransport>
    <currentVoltage>1.0</currentVoltage>
    <maxPowerTransport>Infinity</maxPowerTransport>
    <nominalVoltage>1.0</nominalVoltage>
    <powerConsumption>0.0</powerConsumption>
    <powerDemand>0.0</powerDemand>
    <powerLineCharge>0.0</powerLineCharge>
    <powerProduction>0.0</powerProduction>
    <powerProductionNeeded>0.0</powerProductionNeeded>
    <powerProductionOptimal>0.0</powerProductionOptimal>
    <resistance>0.0</resistance>
    <transportPowerDecrement>0.0</transportPowerDecrement>
    <voltageAngle>0.0</voltageAngle>
  </SPLINE>
  <CUSTOM_CONSUMER>
    <X>13</X>
    <Y>3</Y>
    <currentCurrent>0.0</currentCurrent>
    <currentPowerLoss>0.0</currentPowerLoss>
    <currentPowerTransport>0.0</currentPowerTransport>
    <currentVoltage>1.045</currentVoltage>
    <maxPowerTransport>0.0</maxPowerTransport>
    <nominalVoltage>1.0</nominalVoltage>
    <powerConsumption>0.3</powerConsumption>
    <powerDemand>0.3</powerDemand>
    <powerLineCharge>0.0</powerLineCharge>
    <powerProduction>0.0</powerProduction>
    <powerProductionNeeded>0.0</powerProductionNeeded>
    <powerProductionOptimal>0.0</powerProductionOptimal>
    <resistance>0.0</resistance>
    <transportPowerDecrement>0.0</transportPowerDecrement>
    <voltageAngle>0.0</voltageAngle>
    <model name="ConstantDemandModel">
      <powerDemand>0.3</powerDemand>
    </model>
  </CUSTOM_CONSUMER>
  <GRID_POWER>
    <X>9</X>
    <Y>3</Y>
    <currentCurrent>0.0</currentCurrent>
    <currentPowerLoss>0.0</currentPowerLoss>
    <currentPowerTransport>0.0</currentPowerTransport>
    <currentVoltage>1.0</currentVoltage>
    <maxPowerTransport>0.0</maxPowerTransport>
    <nominalVoltage>1.0</nominalVoltage>
    <powerConsumption>0.0</powerConsumption>
    <powerDemand>0.0</powerDemand>
    <powerLineCharge>0.0</powerLineCharge>
    <powerProduction>-0.1698,-0.0279</powerProduction>
    <powerProductionNeeded>0.0</powerProductionNeeded>
    <powerProductionOptimal>0.0</powerProductionOptimal>
    <resistance>0.0</resistance>
    <transportPowerDecrement>0.0</transportPowerDecrement>
    <voltageAngle>0.0</voltageAngle>
  </GRID_POWER>
  <PLINE>
    <X>10</X>
    <Y>4</Y>
    <currentCurrent>-0.045</currentCurrent>
    <currentPowerLoss>0.00203</currentPowerLoss>
    <currentPowerTransport>-0.45</currentPowerTransport>
    <currentVoltage>-0.045</currentVoltage>
    <maxPowerTransport>10000.0</maxPowerTransport>
    <nominalVoltage>1.0</nominalVoltage>
    <powerConsumption>0.0</powerConsumption>
    <powerDemand>0.0</powerDemand>
    <powerLineCharge>0.0592</powerLineCharge>
    <powerProduction>0.0</powerProduction>
    <powerProductionNeeded>0.0</powerProductionNeeded>
    <powerProductionOptimal>0.0</powerProductionOptimal>
    <resistance>0.0194</resistance>
    <transportPowerDecrement>0.01</transportPowerDecrement>
    <voltageAngle>0.0</voltageAngle>
  </PLINE>
  <PLINE>
    <X>10</X>
    <Y>4</Y>
    <currentCurrent>-0.045</currentCurrent>
    <currentPowerLoss>0.00203</currentPowerLoss>
    <currentPowerTransport>-0.45</currentPowerTransport>
    <currentVoltage>-0.045</currentVoltage>
    <maxPowerTransport>10000.0</maxPowerTransport>
    <nominalVoltage>1.0</nominalVoltage>
    <powerConsumption>0.0</powerConsumption>
    <powerDemand>0.0</powerDemand>
    <powerLineCharge>0.0592</powerLineCharge>
    <powerProduction>0.0</powerProduction>
    <powerProductionNeeded>0.0</powerProductionNeeded>
    <powerProductionOptimal>0.0</powerProductionOptimal>
    <resistance>0.0194</resistance>
    <transportPowerDecrement>0.01</transportPowerDecrement>
    <voltageAngle>0.0</voltageAngle>
  </PLINE>
  <SPLINE>
    <X>9</X>
    <Y>4</Y>
    <currentCurrent>0.0</currentCurrent>
    <currentPowerLoss>0.0</currentPowerLoss>
    <currentPowerTransport>0.0</currentPowerTransport>
    <currentVoltage>1.0</currentVoltage>
    <maxPowerTransport>Infinity</maxPowerTransport>
    <nominalVoltage>1.0</nominalVoltage>
    <powerConsumption>0.0</powerConsumption>
    <powerDemand>0.0</powerDemand>
    <powerLineCharge>0.0</powerLineCharge>
    <powerProduction>0.0</powerProduction>
    <powerProductionNeeded>0.0</powerProductionNeeded>
    <powerProductionOptimal>0.0</powerProductionOptimal>
    <resistance>0.0</resistance>
    <transportPowerDecrement>0.0</transportPowerDecrement>
    <voltageAngle>0.0</voltageAngle>
  </SPLINE>
  <SPLINE>
    <X>12</X>
    <Y>4</Y>
    <currentCurrent>0.0</currentCurrent>
    <currentPowerLoss>0.0</currentPowerLoss>
    <currentPowerTransport>0.0</currentPowerTransport>
    <currentVoltage>1.0</currentVoltage>
    <maxPowerTransport>Infinity</maxPowerTransport>
    <nominalVoltage>1.0</nominalVoltage>
    <powerConsumption>0.0</powerConsumption>
    <powerDemand>0.0</powerDemand>
    <powerLineCharge>0.0</powerLineCharge>
    <powerProduction>0.0</powerProduction>
    <powerProductionNeeded>0.0</powerProductionNeeded>
    <powerProductionOptimal>0.0</powerProductionOptimal>
    <resistance>0.0</resistance>
    <transportPowerDecrement>0.0</transportPowerDecrement>
    <voltageAngle>0.0</voltageAngle>
  </SPLINE>
  <SPLINE>
    <X>11</X>
    <Y>4</Y>
    <currentCurrent>0.0</currentCurrent>
    <currentPowerLoss>0.0</currentPowerLoss>
    <currentPowerTransport>0.0</currentPowerTransport>
    <currentVoltage>1.0</currentVoltage>
    <maxPowerTransport>Infinity</maxPowerTransport>
    <nominalVoltage>1.0</nominalVoltage>
    <powerConsumption>0.0</powerConsumption>
    <powerDemand>0.0</powerDemand>
    <powerLineCharge>0.0</powerLineCharge>
    <powerProduction>0.0</powerProduction>
    <powerProductionNeeded>0.0</powerProductionNeeded>
    <powerProductionOptimal>0.0</powerProductionOptimal>
    <resistance>0.0</resistance>
    <transportPowerDecrement>0.0</transportPowerDecrement>
    <voltageAngle>0.0</voltageAngle>
  </SPLINE>
  <SPLINE>
    <X>11</X>
    <Y>6</Y>
    <currentCurrent>0.0</currentCurrent>
    <currentPowerLoss>0.0</currentPowerLoss>
    <currentPowerTransport>0.0</currentPowerTransport>
    <currentVoltage>1.0</currentVoltage>
    <maxPowerTransport>Infinity</maxPowerTransport>
    <nominalVoltage>1.0</nominalVoltage>
    <powerConsumption>0.0</powerConsumption>
    <powerDemand>0.0</powerDemand>
    <powerLineCharge>0.0</powerLineCharge>
    <powerProduction>0.0</powerProduction>
    <powerProductionNeeded>0.0</powerProductionNeeded>
    <powerProductionOptimal>0.0</powerProductionOptimal>
    <resistance>0.0</resistance>
    <transportPowerDecrement>0.0</transportPowerDecrement>
    <voltageAngle>0.0</voltageAngle>
  </SPLINE>
  <SPLINE>
    <X>13</X>
    <Y>4</Y>
    <currentCurrent>0.0</currentCurrent>
    <currentPowerLoss>0.0</currentPowerLoss>
    <currentPowerTransport>0.0</currentPowerTransport>
    <currentVoltage>1.0</currentVoltage>
    <maxPowerTransport>Infinity</maxPowerTransport>
    <nominalVoltage>1.0</nominalVoltage>
    <powerConsumption>0.0</powerConsumption>
    <powerDemand>0.0</powerDemand>
    <powerLineCharge>0.0</powerLineCharge>
    <powerProduction>0.0</powerProduction>
    <powerProductionNeeded>0.0</powerProductionNeeded>
    <powerProductionOptimal>0.0</powerProductionOptimal>
    <resistance>0.0</resistance>
    <transportPowerDecrement>0.0</transportPowerDecrement>
    <voltageAngle>0.0</voltageAngle>
  </SPLINE>
  <PLINE>
    <X>8</X>
    <Y>16</Y>
    <currentCurrent>0.0</currentCurrent>
    <currentPowerLoss>0.0</currentPowerLoss>
    <currentPowerTransport>0.0</currentPowerTransport>
    <currentVoltage>1.0</currentVoltage>
    <maxPowerTransport>10000.0</maxPowerTransport>
    <nominalVoltage>1.0</nominalVoltage>
    <powerConsumption>0.0</powerConsumption>
    <powerDemand>0.0</powerDemand>
    <powerLineCharge>0.1999</powerLineCharge>
    <powerProduction>0.0</powerProduction>
    <powerProductionNeeded>0.0</powerProductionNeeded>
    <powerProductionOptimal>0.0</powerProductionOptimal>
    <resistance>0.2209</resistance>
    <transportPowerDecrement>0.01</transportPowerDecrement>
    <voltageAngle>0.0</voltageAngle>
  </PLINE>
  <PLINE>
    <X>20</X>
    <Y>12</Y>
    <currentCurrent>0.0</currentCurrent>
    <currentPowerLoss>0.0</currentPowerLoss>
    <currentPowerTransport>0.0</currentPowerTransport>
    <currentVoltage>1.0</currentVoltage>
    <maxPowerTransport>10000.0</maxPowerTransport>
    <nominalVoltage>1.0</nominalVoltage>
    <powerConsumption>0.0</powerConsumption>
    <powerDemand>0.0</powerDemand>
    <powerLineCharge>0.1762</powerLineCharge>
    <powerProduction>0.0</powerProduction>
    <powerProductionNeeded>0.0</powerProductionNeeded>
    <powerProductionOptimal>0.0</powerProductionOptimal>
    <resistance>0.0</resistance>
    <transportPowerDecrement>0.01</transportPowerDecrement>
    <voltageAngle>0.0</voltageAngle>
  </PLINE>
  <CUSTOM_POWER_PLANT>
    <X>21</X>
    <Y>12</Y>
    <currentCurrent>0.0</currentCurrent>
    <currentPowerLoss>0.0</currentPowerLoss>
    <currentPowerTransport>0.0</currentPowerTransport>
    <currentVoltage>1.0</currentVoltage>
    <maxPowerTransport>0.0</maxPowerTransport>
    <nominalVoltage>1.0</nominalVoltage>
    <powerConsumption>0.0</powerConsumption>
    <powerDemand>0.0</powerDemand>
    <powerLineCharge>0.0</powerLineCharge>
    <powerProduction>0.0,0.34</powerProduction>
    <powerProductionNeeded>0.0</powerProductionNeeded>
    <powerProductionOptimal>0.0,0.34</powerProductionOptimal>
    <resistance>0.0</resistance>
    <transportPowerDecrement>0.0</transportPowerDecrement>
    <voltageAngle>0.0</voltageAngle>
    <model name="ConstantPowerPlantModel">
      <powerProduction>0.0,0.34</powerProduction>
      <powerProductionOptimal>0.0,0.34</powerProductionOptimal>
    </model>
  </CUSTOM_POWER_PLANT>
  <SPLINE>
    <X>19</X>
    <Y>11</Y>
    <currentCurrent>0.0</currentCurrent>
    <currentPowerLoss>0.0</currentPowerLoss>
    <currentPowerTransport>0.0</currentPowerTransport>
    <currentVoltage>1.0</currentVoltage>
    <maxPowerTransport>Infinity</maxPowerTransport>
    <nominalVoltage>1.0</nominalVoltage>
    <powerConsumption>0.0</powerConsumption>
    <powerDemand>0.0</powerDemand>
    <powerLineCharge>0.0</powerLineCharge>
    <powerProduction>0.0</powerProduction>
    <powerProductionNeeded>0.0</powerProductionNeeded>
    <powerProductionOptimal>0.0</powerProductionOptimal>
    <resistance>0.0</resistance>
    <transportPowerDecrement>0.0</transportPowerDecrement>
    <voltageAngle>0.0</voltageAngle>
  </SPLINE>
  <CUSTOM_CONSUMER>
    <X>14</X>
    <Y>12</Y>
    <currentCurrent>0.0</currentCurrent>
    <currentPowerLoss>0.0</currentPowerLoss>
    <currentPowerTransport>0.0</currentPowerTransport>
    <currentVoltage>0.9244,0.0186</currentVoltage>
    <maxPowerTransport>0.0</maxPowerTransport>
    <nominalVoltage>1.0</nominalVoltage>
    <powerConsumption>0.41</powerConsumption>
    <powerDemand>0.41,0.23</powerDemand>
    <powerLineCharge>0.0</powerLineCharge>
    <powerProduction>0.0</powerProduction>
    <powerProductionNeeded>0.0</powerProductionNeeded>
    <powerProductionOptimal>0.0</powerProductionOptimal>
    <resistance>0.0</resistance>
    <transportPowerDecrement>0.0</transportPowerDecrement>
    <voltageAngle>1.1527910838032163</voltageAngle>
    <model name="ConstantDemandModel">
      <powerDemand>0.41,0.23</powerDemand>
    </model>
  </CUSTOM_CONSUMER>
</root>
